{"name":"69ce6d7a-8c09-4bd2-bdc9-dc56ec71a2e2","id":"/providers/Microsoft.Flow/flows/69ce6d7a-8c09-4bd2-bdc9-dc56ec71a2e2","type":"Microsoft.Flow/flows","properties":{"apiId":"/providers/Microsoft.PowerApps/apis/shared_logicflows","displayName":"LOSKY - Search RENXT Constituents","definition":{"metadata":{"workflowEntityId":null,"processAdvisorMetadata":null,"flowclientsuspensionreason":"None","flowclientsuspensiontime":null,"creator":{"id":"f756b54d-1e20-4c1e-a5f6-009521a76ac1","type":"User","tenantId":"31fa3fc8-0d67-4b00-8f5a-3a9a69c281b8"},"provisioningMethod":"FromDefinition","failureAlertSubscription":true,"clientLastModifiedTime":"2021-06-10T12:31:54.6588858Z"},"$schema":"https://schema.management.azure.com/providers/Microsoft.Logic/schemas/2016-06-01/workflowdefinition.json#","contentVersion":"1.0.0.0","parameters":{"$connections":{"defaultValue":{},"type":"Object"},"$authentication":{"defaultValue":{},"type":"SecureObject"}},"triggers":{"manual":{"type":"Request","kind":"Http","inputs":{"schema":{},"method":"GET"}}},"actions":{"Initialize_variable_-_SearchTerm":{"runAfter":{},"type":"InitializeVariable","inputs":{"variables":[{"name":"SearchTerm","type":"string","value":"@{triggerOutputs()['queries']['SearchQuery']}"}]}},"Search_for_a_constituent":{"runAfter":{"Initialize_variable_-_SearchTerm":["Succeeded"]},"type":"OpenApiConnection","inputs":{"host":{"apiId":"/providers/Microsoft.PowerApps/apis/shared_blackbaudraisersedge","connectionName":"shared_blackbaudraisersedge","operationId":"SearchConstituent"},"parameters":{"search_text":"@variables('SearchTerm')"},"authentication":"@parameters('$authentication')"}},"Create_HTML_table":{"runAfter":{"Search_for_a_constituent":["Succeeded"]},"type":"Table","inputs":{"from":"@outputs('Search_for_a_constituent')?['body/value']","format":"HTML","columns":[{"header":"Name","value":"@item()?['name']"},{"header":"Address","value":"@item()?['address']"},{"header":"Email","value":"@item()?['email']"},{"header":"FundraiserStatus","value":"@item()?['fundraiser_status']"},{"header":"Deceased?","value":"@item()?['deceased']"},{"header":"Inactive?","value":"@item()?['inactive']"},{"header":"RENXTSystemRecordID","value":"@item()?['id']"},{"header":"RENXTConstituentID","value":"@item()?['lookup_id']"}]}},"Response":{"runAfter":{"Create_HTML_table":["Succeeded"]},"type":"Response","kind":"Http","inputs":{"statusCode":200,"headers":{"Content-Type":"text/html","Content-Language":"en-US"},"body":"@body('Create_HTML_table')"}}}},"connectionReferences":{"shared_blackbaudraisersedge":{"connectionName":"shared-blackbaudrais-3b65410c-4656-4d73-9b1d-b75fa1885479","source":"Embedded","id":"/providers/Microsoft.PowerApps/apis/shared_blackbaudraisersedge","tier":"NotSpecified"}},"flowFailureAlertSubscribed":false}}