{"name":"4be84598-e48f-466b-a70b-a1e548d60c8a","id":"/providers/Microsoft.Flow/flows/4be84598-e48f-466b-a70b-a1e548d60c8a","type":"Microsoft.Flow/flows","properties":{"apiId":"/providers/Microsoft.PowerApps/apis/shared_logicflows","displayName":"BBCRM-Altru-UpdateRequestForm-Generic-V2","definition":{"metadata":{"workflowEntityId":null,"processAdvisorMetadata":null,"flowChargedByPaygo":null,"flowclientsuspensionreason":"None","flowclientsuspensiontime":null,"flowclientsuspensionreasondetails":null,"creator":{"id":"f756b54d-1e20-4c1e-a5f6-009521a76ac1","type":"User","tenantId":"31fa3fc8-0d67-4b00-8f5a-3a9a69c281b8"},"provisioningMethod":"FromDefinition","failureAlertSubscription":true,"clientLastModifiedTime":"2023-12-20T19:56:44.2004841Z","connectionKeySavedTimeKey":"2023-12-20T19:56:44.2004841Z"},"$schema":"https://schema.management.azure.com/providers/Microsoft.Logic/schemas/2016-06-01/workflowdefinition.json#","contentVersion":"1.0.0.0","parameters":{"$connections":{"defaultValue":{},"type":"Object"},"$authentication":{"defaultValue":{},"type":"SecureObject"}},"triggers":{"manual":{"metadata":{"operationMetadataId":"064803c2-c422-4be5-9d35-6fbe19898630"},"type":"Request","kind":"Http","inputs":{"schema":{"type":"object","properties":{"context":{"type":"object","properties":{"recordId":{"type":"string"}}},"uit":{"type":"string"},"data":{"type":"object","properties":{"SubmitterName":{"type":"string"},"SubmitterEmail":{"type":"string"},"MailAddressType":{"type":"string"},"Address":{"type":"string"},"City":{"type":"string"},"StateProv":{"type":"string"},"ZipPost":{"type":"string"},"Country":{"type":"string"},"PrimaryMailingAddress":{"type":"string"},"CorrespondenceOptIn":{"type":"string"},"EmailAddressType":{"type":"string"},"EmailAddress":{"type":"string"},"PrimaryEmail":{"type":"string"},"EmailOptIn":{"type":"string"},"PhoneType":{"type":"string"},"PhoneNumber":{"type":"string"},"PrimaryPhone":{"type":"string"},"PhoneOptIn":{"type":"string"},"Source":{"type":"string"},"OtherInfo":{"type":"string"}}}}},"triggerAuthenticationType":"All"},"description":"The flow will be triggered with context values provided by the Blackbaud host application."}},"actions":{"Validate_a_user_identity_token":{"runAfter":{"Initialize_variable_-_RecordURL":["Succeeded"]},"metadata":{"operationMetadataId":"e48cc9db-d688-420a-80e4-003a24018f61"},"type":"OpenApiConnection","inputs":{"host":{"apiId":"/providers/Microsoft.PowerApps/apis/shared_blackbaudskyaddins","connectionName":"shared_blackbaudskyaddins-2","operationId":"ValidateUserIdentityToken"},"parameters":{"body/uit":"@triggerBody()?['uit']","body/application_id":"041ae259-c9c7-493c-b8dc-294bbb8df61c"},"authentication":"@parameters('$authentication')"},"description":"Ensure that the user identity token was issued to the SKY application that triggered the flow."},"Switch":{"runAfter":{"Initialize_variable_-_CSS":["Succeeded"]},"cases":{"Process":{"case":"process","actions":{"Scope_-_Process":{"actions":{"Compose_-_RemoveSubmitterInfo":{"runAfter":{},"metadata":{"operationMetadataId":"7c5ef512-44e9-4115-a663-05e6c590684d"},"type":"Compose","inputs":"@removeProperty(removeProperty(triggerBody()?['data'], 'SubmitterName'), 'SubmitterEmail')","description":"This removes the submitter info so it can be used elsewhere, but not shown in the summary. "},"Select_-_ReshapeObject":{"runAfter":{"Compose_-_RemoveSubmitterInfo":["Succeeded"]},"metadata":{"operationMetadataId":"626e6693-a414-4e84-b1cf-dcf00511abda"},"type":"Select","inputs":{"from":"@split(replace(replace(replace(string(outputs('Compose_-_RemoveSubmitterInfo')),'{',''),'}',''),'\"',''),',')","select":{"Field":"@split(item(), ':')?[0]","Submitted Info":"@split(item(), ':')?[1]"}},"description":"This turns this from key:value object into an array that can then be converted to an HTML table for viewing. "},"Create_HTML_table_-_SubmittedInfo":{"runAfter":{"Select_-_ReshapeObject":["Succeeded"]},"metadata":{"operationMetadataId":"976a50e2-940d-4c02-9539-6d2153416128"},"type":"Table","inputs":{"from":"@body('Select_-_ReshapeObject')","format":"HTML"}},"Send_an_HTTP_request_-_ViewAConstituentSummary":{"runAfter":{"Create_HTML_table_-_SubmittedInfo":["Succeeded"]},"metadata":{"operationMetadataId":"c9218591-24bc-4a4c-a251-b6f085317b62"},"type":"OpenApiConnection","inputs":{"host":{"apiId":"/providers/Microsoft.PowerApps/apis/shared_blackbaudskyaddins","connectionName":"shared_blackbaudskyaddins","operationId":"SendHttpRequest"},"parameters":{"body/method":"GET","body/path":"/@{variables('BBCRMorAltru')}-conmg/constituents/@{triggerBody()?['context']?['recordId']}/view"},"authentication":"@parameters('$authentication')"}},"Parse_JSON_-_ViewAConstituentSummary":{"runAfter":{"Send_an_HTTP_request_-_ViewAConstituentSummary":["Succeeded"]},"metadata":{"operationMetadataId":"adbedd0b-c720-40be-8002-e51099c27ec2"},"type":"ParseJson","inputs":{"content":"@body('Send_an_HTTP_request_-_ViewAConstituentSummary')","schema":{"type":"object","properties":{"constituent_profile":{"type":"boolean"},"organization":{"type":"boolean"},"address":{"type":"string"},"do_not_mail":{"type":"boolean"},"recognition_constituency_text":{"type":"string"},"prospect_constituency_text":{"type":"string"},"user_defined_constituency_text":{"type":"string"},"registrant_status_text":{"type":"string"},"inactive":{"type":"boolean"},"picture":{"type":"string"},"lookup_id":{"type":"string"},"wealthpoint_update_pending":{"type":"boolean"},"matchfinder_online_record_id":{"type":"integer"},"solicit_code_count":{"type":"integer"},"group":{"type":"boolean"},"group_member_count":{"type":"integer"},"gives_anonymously":{"type":"boolean"},"declarations_on_file":{"type":"boolean"},"committee_member":{"type":"boolean"},"isdeceased":{"type":"boolean"},"major_donor_constituency_text":{"type":"string"},"address_is_confidential":{"type":"boolean"},"constituencies_display_order":{"type":"array","items":{"type":"object","properties":{"id":{"type":"string"},"description":{"type":"string"},"sequence":{"type":"integer"},"system":{"type":"boolean"}}}},"sponsor_type_code":{"type":"integer"},"address_id":{"type":"string"},"top_parent_id":{"type":"string"},"top_parent":{"type":"string"},"user_defined_constituencies":{"type":"array","items":{"type":"object","properties":{"description":{"type":"string"},"sequence":{"type":"integer"}}}},"user_granted_constitpersonalinfo_edit":{"type":"boolean"},"name":{"type":"string"}}}}},"Compose_-_MessageContent":{"runAfter":{"Parse_JSON_-_ViewAConstituentSummary":["Succeeded"]},"metadata":{"operationMetadataId":"068e46c2-f096-47a4-9910-666a0c6d6b16"},"type":"Compose","inputs":"The following was submitted by @{triggerBody()?['data']?['SubmitterName']} regarding <a href=\"@{variables('RecordURL')}&recordId=@{triggerBody()?['context']?['recordId']}\">@{body('Parse_JSON_-_ViewAConstituentSummary')?['name']} </a>. Please review and updated as necessary. <BR>\n@{body('Create_HTML_table_-_SubmittedInfo')}","description":"Breaking out the Message Content here as otherwise it can break some editing.  "},"Response_-_SuccessfulSubmission":{"runAfter":{"Send_an_email_notification_(V3)":["Succeeded"]},"metadata":{"operationMetadataId":"27aa9e11-4ea0-414f-86f7-678fd7ac248e"},"type":"Response","kind":"Http","inputs":{"statusCode":200,"headers":{"content-type":"application/json"},"body":{"message":"The request was successfully submitted.","style":"Info"}}},"Send_an_email_notification_(V3)":{"runAfter":{"Compose_-_MessageContent":["Succeeded"]},"metadata":{"operationMetadataId":"9950cb66-ffab-40f2-ac68-072e1abdf8f0"},"type":"OpenApiConnection","inputs":{"host":{"apiId":"/providers/Microsoft.PowerApps/apis/shared_sendmail","connectionName":"shared_sendmail","operationId":"SendEmailV3"},"parameters":{"request/to":"@{triggerBody()?['data']?['SubmitterEmail']};","request/subject":"Information Update Request for @{body('Parse_JSON_-_ViewAConstituentSummary')?['name']}.","request/text":"<p>@{variables('CSS')}<br>\n@{outputs('Compose_-_MessageContent')}</p>"},"authentication":"@parameters('$authentication')"},"description":"By default, this sends an email to the submitter.  Update it with the email address(es) that are to receive the notification."}},"runAfter":{},"metadata":{"operationMetadataId":"7274e4c0-8f63-4682-8674-7a452ecf77bb"},"type":"Scope"}}}},"default":{"actions":{"Compose_Adaptive_Card_JSON":{"runAfter":{},"metadata":{"operationMetadataId":"ccf8c604-7eca-4ff1-8a0b-78dccd49ee09"},"type":"Compose","inputs":{"$schema":"http://adaptivecards.io/schemas/adaptive-card.json","type":"AdaptiveCard","version":"1.4","body":[{"type":"TextBlock","size":"Large","weight":"Bolder","text":"Record Update Request","horizontalAlignment":"Center"},{"type":"TextBlock","text":"Use this form to send a request to the Records team to review and update information about this constituent.","wrap":true,"horizontalAlignment":"Center"},{"type":"TextBlock","size":"Medium","text":"Address","style":"heading"},{"type":"Table","id":"table6","columns":[{"width":1},{"width":1},{"width":1}],"rows":[{"type":"TableRow","id":"tableRow6","cells":[{"type":"TableCell","id":"tableCell16","items":[{"type":"Input.ChoiceSet","choices":[{"title":"Home","value":"Home"},{"title":"Business","value":"Business"},{"title":"Vacation","value":"Vacation"}],"placeholder":"Choose Address Type","id":"MailAddressType","label":"Address Type"}]},{"type":"TableCell","id":"tableCell17","items":[{"type":"Input.Text","placeholder":"Enter address lines, don't forget to put Apartment, Suite, etc","label":"Address","isMultiline":true,"id":"Address"}]},{"type":"TableCell","id":"tableCell18","items":[{"type":"Input.Text","placeholder":"Enter City","label":"City","id":"City"}]}]}]},{"type":"Table","id":"table5","columns":[{"width":1},{"width":1},{"width":1}],"rows":[{"type":"TableRow","id":"tableRow5","cells":[{"type":"TableCell","id":"tableCell13","items":[{"type":"Input.Text","placeholder":"Enter State / Province","label":"State / Province","id":"StateProv"}]},{"type":"TableCell","id":"tableCell14","items":[{"type":"Input.Text","placeholder":"Enter Zip or Post Code","label":"Zip/Post Code","id":"ZipPost"}]},{"type":"TableCell","id":"tableCell15","items":[{"type":"Input.Text","placeholder":"Enter Country","id":"Country","label":"Country"}]}]}]},{"type":"Table","id":"table4","columns":[{"width":1},{"width":1}],"rows":[{"type":"TableRow","id":"tableRow4","cells":[{"type":"TableCell","id":"tableCell11","items":[{"type":"Input.ChoiceSet","choices":[{"title":"Yes","value":"Yes"},{"title":"No","value":"No"},{"title":"Unknown","value":"Unknown"}],"placeholder":"Choose Option","id":"PrimaryMailingAddress","label":"Is this the Primary Address?"}]},{"type":"TableCell","id":"tableCell12","items":[{"type":"Input.ChoiceSet","choices":[{"title":"Yes","value":"Yes"},{"title":"No","value":"No"},{"title":"Unknown","value":"Unknown"}],"placeholder":"Choose Option","id":"CorrespondenceOptIn","label":"Can we send correspondence to this address?"}]}]}]},{"type":"TextBlock","text":""},{"type":"TextBlock","size":"Medium","text":"Email","style":"heading","separator":true},{"type":"Table","id":"table3","columns":[{"width":1},{"width":1},{"width":1},{"width":1}],"rows":[{"type":"TableRow","id":"tableRow3","cells":[{"type":"TableCell","id":"tableCell7","items":[{"type":"Input.ChoiceSet","choices":[{"title":"Home","value":"Home"},{"title":"Business","value":"Business"},{"title":"Other","value":"Other"}],"placeholder":"Choose Email Address Type","id":"EmailAddressType","label":"Email Address Type"}]},{"type":"TableCell","id":"tableCell8","items":[{"type":"Input.Text","placeholder":"Enter Email Address","label":"Email Address","id":"EmailAddress","regex":"^[a-zA-Z0-9.!#$%&’*+/=?^_`{|}~-]+@[a-zA-Z0-9-]+(?:\\.[a-zA-Z0-9-]+)*$","errorMessage":"Please enter a valid email address."}]},{"type":"TableCell","id":"tableCell9","items":[{"type":"Input.ChoiceSet","choices":[{"title":"Yes","value":"Yes"},{"title":"No","value":"No"},{"title":"Unknown","value":"Unknown"}],"placeholder":"Choose Option","id":"PrimaryEmail","label":"Is this the primary email address?"}]},{"type":"TableCell","id":"tableCell10","items":[{"type":"Input.ChoiceSet","choices":[{"title":"Yes","value":"Yes"},{"title":"No","value":"No"},{"title":"Unknown","value":"Unknown"}],"placeholder":"Choose Option","id":"EmailOptIn","label":"Can we email to this address?"}]}]}]},{"type":"TextBlock","text":""},{"type":"TextBlock","size":"Medium","text":"Phone Number","style":"heading","separator":true},{"type":"Table","id":"table2","columns":[{"width":1},{"width":1},{"width":1},{"width":1}],"rows":[{"type":"TableRow","id":"tableRow2","cells":[{"type":"TableCell","id":"tableCell3","items":[{"type":"Input.ChoiceSet","choices":[{"title":"Home","value":"Home"},{"title":"Business","value":"Business"},{"title":"Mobile","value":"Mobile"}],"placeholder":"Choose Phone Type","id":"PhoneType","label":"Phone Number Type"}]},{"type":"TableCell","id":"tableCell4","items":[{"type":"Input.Text","placeholder":"Enter Phone Number","label":"Phone Number","id":"PhoneNumber"}]},{"type":"TableCell","id":"tableCell5","items":[{"type":"Input.ChoiceSet","choices":[{"title":"Yes","value":"Yes"},{"title":"No","value":"No"},{"title":"Unknown","value":"Unknown"}],"placeholder":"Choose Option","id":"PrimaryPhone","label":"Is this the primary phone number?"}]},{"type":"TableCell","id":"tableCell6","items":[{"type":"Input.ChoiceSet","choices":[{"title":"Yes","value":"Yes"},{"title":"No","value":"No"},{"title":"Unknown","value":"Unknown"}],"placeholder":"Choose Option","id":"PhoneOptIn","label":"Can we call this phone number?"}]}]}]},{"type":"TextBlock","size":"Medium","text":"Misc","style":"heading","separator":true},{"type":"Table","id":"table1","columns":[{"width":1},{"width":1}],"rows":[{"type":"TableRow","id":"tableRow1","cells":[{"type":"TableCell","id":"tableCell1","items":[{"type":"Input.Text","placeholder":"How did you come about this information?","label":"Source","isMultiline":true,"id":"Source"}]},{"type":"TableCell","id":"tableCell2","items":[{"type":"Input.Text","placeholder":"Please enter any additional info you may have to share","label":"Other Info","isMultiline":true,"id":"OtherInfo"}]}]}]},{"type":"TextBlock","text":"_Facilitated by Adaptive Cards + Power Automate + SKY Page Add-ins_","separator":true},{"type":"TextBlock","text":"This example sends notifications to the submitter for demonstration purposes.  In real world scenario, this would be updated to send to appropriate contact(s).","separator":true},{"type":"Container","id":"container1"}],"actions":[{"type":"Action.Webrequest","title":"Send","url":"@{triggerOutputs()?['queries']?['cardServiceUrl']}&switch=process","data":{"SubmitterName":"@{outputs('Validate_a_user_identity_token')?['body/given_name']} @{outputs('Validate_a_user_identity_token')?['body/family_name']}","SubmitterEmail":"@{outputs('Validate_a_user_identity_token')?['body/email']}"}}]},"description":"Build the Adaptive Card JSON payload."},"Response_-_ACForm":{"runAfter":{"Compose_Adaptive_Card_JSON":["Succeeded"]},"metadata":{"operationMetadataId":"7f77d0f6-4412-419a-85b5-5b461bdfc95d"},"type":"Response","kind":"Http","inputs":{"statusCode":200,"headers":{"Content-Type":"application/json"},"body":"@outputs('Compose_Adaptive_Card_JSON')"},"description":"Return the card definition back to the Adaptive Card Host SPA."}}},"expression":"@coalesce(triggerOutputs()?['queries']?['switch'],'default')","metadata":{"operationMetadataId":"0a26d4ca-f821-4ddb-ac59-4b456f62ee91"},"type":"Switch","description":"The Default renders the card, the 'process' handles the submission. "},"Initialize_variable_-_CSS":{"runAfter":{"Validate_a_user_identity_token":["Succeeded"]},"metadata":{"operationMetadataId":"0d844c1b-7705-4243-9529-cdb23ee7df9c"},"type":"InitializeVariable","inputs":{"variables":[{"name":"CSS","type":"string","value":"<style>\nbody {\n    padding-top: 5px;\n}\n\n#authToken {\n    display: none;\n}\n\n#modalResults {\n    display: none;\n}\n\n#helpContent {\n    align-items: center;\n    background-color: #81d4f7;\n    border: 1px solid transparent;\n    border-radius: 4px;\n    border-left: solid 30px;\n    border-color: #00b4f1;\n    color: #212327;\n    display: flex;\n    flex-direction: row;\n    padding-top: 0px;\n    padding-bottom: 0px;\n    margin-bottom: 21px;\n    padding: 10px;\n}\n\n#helpContent::before {\n    content: \"\\f05a\";\n    font-family: \"Font Awesome\\ 5 Free\";\n    margin-left: -30px;\n    margin-right: 19px;\n    color: #fff;\n    font-size: .8em;\n    font-weight: 900;\n}\n\n#helpContent-exit {\n    cursor: pointer;\n    float: right;\n    opacity: 0.8;\n    position: relative;\n    right: 5px;\n    margin-left: auto;\n    margin-right: 0;\n}\n\n#settingsContent {\n    background: #fff;\n    border: 1px solid #c0c0c0;\n    border-radius: 10px;\n    display: none;\n    right: 0px;\n    padding: 15px;\n    position: fixed;\n    top: 0px;\n    width: 300px;\n}\n</style>\n<style>\n    @font-face {\n        font-family: \"Blackbaud Sans\";\n        font-style: normal;\n        font-weight: 400;\n        src: url(\"https://sky.blackbaudcdn.net/skyux-fonts/1.0.1/blackbaud-sans.woff\") format(\"woff\");\n    }\n    \n    @font-face {\n        font-family: \"Blackbaud Sans\";\n        font-style: normal;\n        font-weight: 600;\n        src: url(\"https://sky.blackbaudcdn.net/skyux-fonts/1.0.1/blackbaud-sans-semi-bold.woff\") format(\"woff\");\n    }\n    \n    @font-face {\n        font-family: \"Blackbaud Sans\";\n        font-style: normal;\n        font-weight: 700;\n        src: url(\"https://sky.blackbaudcdn.net/skyux-fonts/1.0.1/blackbaud-sans-bold.woff\") format(\"woff\");\n    }\n    \n    @font-face {\n        font-family: \"Blackbaud Sans\";\n        font-style: italic;\n        font-weight: 400;\n        src: url(\"https://sky.blackbaudcdn.net/skyux-fonts/1.0.1/blackbaud-sans-italic.woff\") format(\"woff\");\n    }\n    \n    @font-face {\n        font-family: \"Blackbaud Sans\";\n        font-style: normal;\n        font-weight: 300;\n        src: url(\"https://sky.blackbaudcdn.net/skyux-fonts/1.0.1/blackbaud-sans-light.woff\") format(\"woff\");\n    }\n    \n    @font-face {\n        font-family: \"Blackbaud Sans\";\n        font-style: normal;\n        font-weight: 100;\n        src: url(\"https://sky.blackbaudcdn.net/skyux-fonts/1.0.1/blackbaud-sans-thin.woff\") format(\"woff\");\n    }\n    \n    @font-face {\n        font-family: \"Blackbaud Sans Condensed\";\n        font-style: normal;\n        font-weight: 300;\n        src: url(\"https://sky.blackbaudcdn.net/skyux-fonts/1.0.1/blackbaud-sans-condensed-light.woff\") format(\"woff\");\n    }\n    \n    @font-face {\n        font-family: \"Blackbaud Sans Condensed\";\n        font-style: normal;\n        font-weight: 600;\n        src: url(\"https://sky.blackbaudcdn.net/skyux-fonts/1.0.1/blackbaud-sans-condensed-semi-bold.woff\") format(\"woff\");\n    }\n    \n    body,\n    form,\n    html {\n        font-size: 15px;\n        font-family: \"Blackbaud Sans\", \"Helvetica Neue\", Arial, sans-serif;\n    }\n    \n    body {\n        background-color: #ffffff;\n        color: #212327;\n    }\n    \n    h1,\n    h2,\n    h3,\n    h4,\n    h5,\n    h6 {\n        font-weight: 400;\n        line-height: 1.1;\n    }\n    \n    h2 {\n        font-size: 26px;\n        font-weight: 300;\n    }\n    \n    h3 {\n        font-size: 19px;\n        color: #686c73;\n    }\n    \n    h4 {\n        font-size: 14px;\n    }\n    \n    h5 {\n        font-size: 12px;\n    }\n    \n    h6 {\n        font-size: 10px;\n    }\n    \n    h4,\n    h5,\n    h6 {\n        font-weight: 600;\n    }\n    \n    h1 {\n        font-size: 34px;\n        font-weight: 300;\n    }\n    \n    [hidden] {\n        display: none !important;\n    }\n    \n    a {\n        color: #0974a1;\n        text-decoration: none;\n        cursor: pointer;\n    }\n    \n    a:hover {\n        color: #065171;\n        text-decoration: underline;\n    }\n    \n    .sky-pull-right {\n        float: right;\n    }\n    \n    .sky-list-unstyled {\n        list-style: none;\n        padding: 0;\n    }\n    \n    .sky-list-unstyled li {\n        padding-bottom: 5px;\n    }\n    \n    mark.sky-highlight-mark {\n        background-color: #fbb034;\n        color: #212327;\n    }\n    \n    .sky-rounded-corners {\n        border-radius: 3px;\n    }\n    \n    .sky-rounded-circle {\n        border-radius: 50%;\n    }\n    \n    .sky-shadow {\n        box-shadow: 0px 0px 5px 0 rgba(0, 0, 0, 0.3);\n    }\n    \n    .sky-field-status-active {\n        box-shadow: 0 0 8px rgba(0, 180, 241, 0.6);\n        border: 1px solid #00b4f1;\n        outline: none;\n    }\n    \n    .sky-field-status-invalid {\n        box-shadow: 0 0 8px rgba(239, 64, 68, 0.6);\n        border: 1px solid #ef4044;\n        outline: none;\n    }\n    \n    .sky-field-status-success {\n        box-shadow: 0 0 8px rgba(114, 191, 68, 0.6);\n        border: 1px solid #72bf44;\n        outline: none;\n    }\n    \n    .sky-page-heading {\n        font-family: \"Blackbaud Sans Condensed\", \"Helvetica Neue Condensed\", \"Arial Narrow\";\n        color: #212327;\n        font-weight: 300;\n        font-size: 34px;\n    }\n    \n    .sky-section-heading {\n        font-family: \"Blackbaud Sans Condensed\", \"Helvetica Neue Condensed\", \"Arial Narrow\";\n        color: #212327;\n        font-weight: 300;\n        font-size: 26px;\n    }\n    \n    .sky-subsection-heading {\n        font-family: \"Blackbaud Sans\", \"Helvetica Neue\", Arial, sans-serif;\n        color: #686c73;\n        font-weight: 300;\n        font-size: 19px;\n    }\n    \n    .sky-headline {\n        font-family: \"Blackbaud Sans Condensed\", \"Helvetica Neue Condensed\", \"Arial Narrow\";\n        color: #212327;\n        font-weight: 600;\n        font-size: 22px;\n    }\n    \n    .sky-emphasized {\n        font-family: \"Blackbaud Sans\", \"Helvetica Neue\", Arial, sans-serif;\n        color: #212327;\n        font-weight: 600;\n        font-size: 16px;\n    }\n    \n    .sky-deemphasized {\n        font-family: \"Blackbaud Sans\", \"Helvetica Neue\", Arial, sans-serif;\n        color: #686c73;\n        font-weight: 400;\n        font-size: 15px;\n        font-style: italic;\n    }\n    \n    .sky-field-label,\n    th {\n        font-family: \"Blackbaud Sans\", \"Helvetica Neue\", Arial, sans-serif;\n        color: #686c73;\n        font-weight: 400;\n        font-size: 15px;\n    }\n    \n    .sky-text-info {\n        color: #212327;\n    }\n    \n    .sky-text-info:before {\n        content: \"&#61546;\";\n        font-family: FontAwesome;\n        margin-right: 5px;\n        color: #00b4f1;\n    }\n    \n    .sky-text-success {\n        color: #212327;\n    }\n    \n    .sky-text-success:before {\n        content: \"&#61452;\";\n        font-family: FontAwesome;\n        margin-right: 5px;\n        color: #72bf44;\n    }\n    \n    .sky-text-warning {\n        color: #212327;\n    }\n    \n    .sky-text-warning:before {\n/*        content: \"&#61553;\";   Not sure what this is trying to do */\n        content: \"Warning: \";\n        font-family: FontAwesome;\n        margin-right: 5px;\n        color: #fbb034;\n    }\n    \n    .sky-text-danger {\n        color: #212327;\n    }\n    \n    .sky-text-danger:before {\n        content: \"&#61553;\";\n        font-family: FontAwesome;\n        margin-right: 5px;\n        color: #ef4044;\n    }\n    \n    .sky-font-body-default {\n        font-size: 15px;\n        font-family: \"Blackbaud Sans\", \"Helvetica Neue\", Arial, sans-serif;\n        color: #212327;\n    }\n    \n    .sky-font-body-sm {\n        font-size: 13px;\n        font-family: \"Blackbaud Sans\", \"Helvetica Neue\", Arial, sans-serif;\n        color: #212327;\n    }\n    \n    .sky-font-body-lg {\n        font-size: 16px;\n        font-family: \"Blackbaud Sans\", \"Helvetica Neue\", Arial, sans-serif;\n        color: #212327;\n    }\n    \n    .sky-font-field-label {\n        font-family: \"Blackbaud Sans\", \"Helvetica Neue\", Arial, sans-serif;\n        color: #686c73;\n        font-weight: 400;\n        font-size: 15px;\n    }\n    \n    .sky-font-deemphasized {\n        font-family: \"Blackbaud Sans\", \"Helvetica Neue\", Arial, sans-serif;\n        color: #686c73;\n        font-weight: 400;\n        font-size: 15px;\n        font-style: italic;\n    }\n    \n    .sky-font-emphasized {\n        font-weight: 600;\n    }\n    \n    .sky-font-heading-1 {\n        font-family: \"Blackbaud Sans Condensed\", \"Helvetica Neue Condensed\", \"Arial Narrow\";\n        color: #212327;\n        font-weight: 300;\n        font-size: 34px;\n    }\n    \n    .sky-font-heading-2 {\n        font-family: \"Blackbaud Sans Condensed\", \"Helvetica Neue Condensed\", \"Arial Narrow\";\n        color: #212327;\n        font-weight: 300;\n        font-size: 26px;\n    }\n    \n    .sky-font-heading-3 {\n        font-family: \"Blackbaud Sans\", \"Helvetica Neue\", Arial, sans-serif;\n        color: #686c73;\n        font-weight: 300;\n        font-size: 19px;\n    }\n    \n    .sky-font-heading-4 {\n        font-family: \"Blackbaud Sans\", \"Helvetica Neue\", Arial, sans-serif;\n        color: #212327;\n        font-weight: 600;\n        font-size: 16px;\n    }\n    \n    .sky-font-heading-5 {\n        font-family: \"Blackbaud Sans\", \"Helvetica Neue\", Arial, sans-serif;\n        color: #686c73;\n        font-weight: 400;\n        font-size: 15px;\n    }\n    \n    .sky-font-display-1 {\n        font-family: \"Blackbaud Sans Condensed\", \"Helvetica Neue Condensed\", \"Arial Narrow\";\n        color: #212327;\n        font-weight: 300;\n        font-size: 34px;\n    }\n    \n    .sky-font-display-2 {\n        font-family: \"Blackbaud Sans Condensed\", \"Helvetica Neue Condensed\", \"Arial Narrow\";\n        color: #212327;\n        font-weight: 300;\n        font-size: 26px;\n    }\n    \n    .sky-font-display-3 {\n        font-family: \"Blackbaud Sans Condensed\", \"Helvetica Neue Condensed\", \"Arial Narrow\";\n        color: #212327;\n        font-weight: 600;\n        font-size: 22px;\n    }\n    \n    .sky-font-display-4 {\n        font-family: \"Blackbaud Sans\", \"Helvetica Neue\", Arial, sans-serif;\n        color: #212327;\n        font-weight: 600;\n        font-size: 16px;\n    }\n    \n    .sky-screen-reader-only {\n        width: 0;\n        height: 0;\n        padding: 0;\n        opacity: 0;\n        position: absolute;\n        margin: -1px;\n        border: 0;\n        overflow: hidden;\n        clip: rect(0, 0, 0, 0);\n        outline: none;\n        white-space: nowrap;\n    }\n    \n    .sky-grid {\n        position: relative;\n        display: block\n    }\n    \n    .sky-grid-table-container {\n        overflow: auto\n    }\n    \n    .sky-grid-table,\n    table {\n        position: relative;\n        table-layout: fixed;\n        border-collapse: collapse;\n        margin: 0;\n        font-size: 15px;\n        min-width: 100%\n    }\n    \n    .sky-grid-table.sky-grid-fit {\n        max-width: 100%;\n        width: 100%\n    }\n    \n    .sky-grid-tbody,\n    tbody {\n        background-color: #fff\n    }\n    \n    .sky-grid-row,\n    tr {\n        border-bottom: 1px dotted #cdcfd2\n    }\n    \n    .sky-grid-row:nth-child(odd),\n    tr:nth-child(odd) {\n        background-color: #fbfbfb\n    }\n    \n    .sky-grid-row.sky-grid-row-highlight {\n        border-top: 1px solid #0974a1;\n        box-shadow: 0 0 0 3px inset #0974a1\n    }\n    \n    .sky-grid-row .sky-grid-cell,\n    tr,\n    td {\n        padding: 0;\n        min-width: 10px\n    }\n    \n    .sky-grid-heading,\n    thead,\n    th {\n        position: relative;\n        border-top: 1px solid #cdcfd2;\n        border-bottom: 1px solid #cdcfd2;\n        border-left: 1px solid #cdcfd2;\n        border-right: 0 solid #cdcfd2;\n        padding: 0;\n        cursor: pointer;\n        background-color: #fff;\n        overflow: visible;\n        background-clip: padding-box;\n        -webkit-user-select: none;\n        -webkit-tap-highlight-color: transparent;\n        -moz-user-select: none;\n        -ms-user-select: none;\n        user-select: none\n    }\n    \n    .sky-grid-heading:first-child,\n    th:first-child {\n        border-left: 1px solid transparent\n    }\n    \n    .sky-grid-heading.sky-grid-header-dragging {\n        background-color: #eeeeef\n    }\n    \n    .sky-grid-heading.sky-grid-column-alignment-center .sky-grid-heading-sort,\n    .sky-grid-heading.sky-grid-column-alignment-left .sky-grid-heading-sort {\n        width: 14px\n    }\n    \n    .sky-grid-heading.sky-grid-column-alignment-center .sky-grid-help-inline-sort-hidden,\n    .sky-grid-heading.sky-grid-column-alignment-left .sky-grid-help-inline-sort-hidden {\n        margin-left: -14px;\n        margin-right: 14px\n    }\n    \n    .sky-grid-heading.sky-grid-column-alignment-right .sky-grid-header-caret-hidden-spacing {\n        padding-left: 14px\n    }\n    \n    .sky-grid-heading.sky-grid-column-alignment-right .sky-grid-heading-sort-visible {\n        width: 14px\n    }\n    \n    .sky-grid-heading div {\n        padding: 8px\n    }\n    \n    .sky-grid-heading .overflow {\n        text-overflow: ellipsis;\n        white-space: nowrap;\n        position: relative;\n        z-index: 1;\n        overflow: hidden;\n        min-width: 100%\n    }\n    \n    .sky-grid-heading .sky-grid-column-input-aria-only {\n        -webkit-appearance: none;\n        -moz-appearance: none;\n        height: 100%;\n        width: 5px;\n        position: absolute;\n        display: block;\n        top: 0;\n        bottom: 0;\n        right: 0\n    }\n    \n    .sky-grid-heading .sky-grid-column-input-aria-only::-moz-range-track {\n        background: 0 0\n    }\n    \n    .sky-grid-heading .sky-grid-column-input-aria-only::-moz-range-thumb {\n        -webkit-appearance: none;\n        -moz-appearance: none;\n        width: 0;\n        height: 0;\n        border-radius: 0;\n        border: 0;\n        background: 0 0;\n        display: none\n    }\n    \n    .sky-grid-heading .sky-grid-column-input-aria-only::-ms-thumb {\n        -webkit-appearance: none;\n        -moz-appearance: none;\n        width: 0;\n        height: 0;\n        border-radius: 0;\n        border: 0;\n        background: 0 0;\n        display: none\n    }\n    \n    .sky-grid-heading .sky-grid-column-input-aria-only::-webkit-slider-thumb {\n        -webkit-appearance: none;\n        -moz-appearance: none;\n        width: 0;\n        height: 0;\n        border-radius: 0;\n        border: 0;\n        background: 0 0;\n        display: none\n    }\n    \n    .sky-grid-heading .sky-grid-column-input-aria-only:focus {\n        background-color: #00b4f1\n    }\n    \n    .sky-grid-column-alignment-left,\n    th {\n        text-align: left\n    }\n    \n    .sky-grid-column-alignment-center {\n        text-align: center\n    }\n    \n    .sky-grid-column-alignment-right {\n        text-align: right\n    }\n    \n    .sky-grid-multiselect-cell {\n        padding: 0;\n        text-align: center\n    }\n    \n    .sky-grid-multiselect-cell .sky-switch-control {\n        margin: 0 auto\n    }\n    \n    th.sky-grid-multiselect-cell {\n        cursor: default\n    }\n    \n    th.sky-grid-multiselect-cell .screen-reader-only {\n        width: 0;\n        height: 0;\n        padding: 0;\n        opacity: 0;\n        position: absolute;\n        margin: -1px;\n        border: 0;\n        overflow: hidden;\n        clip: rect(0, 0, 0, 0);\n        outline: 0;\n        white-space: nowrap\n    }\n    \n    @-moz-document url-prefix() {\n        .sky-grid-multiselect-row td {\n            border-left: 0 solid transparent;\n            border-right: 0 solid transparent\n        }\n    }\n    \n    .sky-grid-multiselect-row:hover {\n        background-color: #e9e4f1\n    }\n    \n    .sky-grid-multiselect-row:hover:nth-child(odd) {\n        background: #e9e4f1\n    }\n    \n    .sky-grid-multiselect-selected-row {\n        background: #f1eef6;\n        border-top: 1px solid #dadbf6;\n        border-bottom: 1px solid #dadbf6\n    }\n    \n    .sky-grid-multiselect-selected-row:nth-child(odd) {\n        background: #f1eef6\n    }\n    \n    .sky-grid-has-toolbar .sky-grid-heading {\n        border-top-width: 0\n    }\n    \n    .sky-grid-heading-sort.sky-grid-heading-sort-hidden {\n        visibility: hidden\n    }\n    \n    .sky-grid-heading-sort.sky-grid-heading-sort-visible {\n        visibility: visible;\n        padding-left: 5px\n    }\n    \n    .sky-grid-resize-handle {\n        position: absolute;\n        right: 0;\n        top: 0;\n        bottom: 0;\n        width: 30px;\n        z-index: 2;\n        min-height: 20px;\n        height: 100%!important;\n        vertical-align: middle;\n        cursor: col-resize\n    }\n    \n    .sky-grid-resize-handle:hover::after {\n        background-color: #00b4f1\n    }\n    \n    .sky-grid-resize-handle:after {\n        position: absolute;\n        right: 0;\n        top: 0;\n        bottom: 0;\n        width: 5px;\n        height: 100%;\n        content: \"\"\n    }\n    \n    #sky-grid-resize-bar {\n        position: absolute;\n        top: 0;\n        left: 0;\n        z-index: 99;\n        height: 100%;\n        width: 5px;\n        background: #00b4f1;\n        opacity: .6\n    }\n    \n    tr {\n        position: relative\n    }\n    \n    .sky-grid-top-scroll-container {\n        overflow: auto\n    }\n    \n    .sky-grid-top-scroll {\n        height: 1px\n    }\n    \n    .sky-wait-mask-loading-blocking {\n        margin: auto;\n        position: absolute;\n        top: 0;\n        right: 0;\n        left: 0;\n        bottom: 0;\n        background-color: rgba(255, 255, 255, .7);\n        z-index: 1000\n    }\n    \n    .sky-wait-mask-loading-fixed {\n        position: fixed\n    }\n    \n    .sky-wait {\n        width: 50px;\n        height: 50px;\n        margin-top: -25px;\n        margin-left: -25px;\n        position: absolute;\n        top: 50%;\n        left: 50%\n    }\n    \n    .sky-wait-mask-loading-non-blocking {\n        bottom: 0\n    }\n    \n    .sky-wait-mask-loading-non-blocking .sky-wait {\n        top: auto;\n        right: auto;\n        bottom: 0;\n        left: 0;\n        margin-left: auto;\n        margin-right: auto\n    }\n    \n    .sky-wait-double-bounce1,\n    .sky-wait-double-bounce2 {\n        width: 100%;\n        height: 100%;\n        border-radius: 50%;\n        background-color: #72bf44;\n        opacity: .6;\n        position: absolute;\n        top: 0;\n        left: 0;\n        -webkit-animation: 2s ease-in-out infinite sk-bounce;\n        animation: 2s ease-in-out infinite sk-bounce\n    }\n    \n    .sky-wait-double-bounce2 {\n        -webkit-animation-delay: -1s;\n        animation-delay: -1s\n    }\n    \n    @-webkit-keyframes sk-bounce {\n        0%,\n        100% {\n            -webkit-transform: scale(0)\n        }\n        50% {\n            -webkit-transform: scale(1)\n        }\n    }\n    \n    @keyframes sk-bounce {\n        0%,\n        100% {\n            transform: scale(0);\n            -webkit-transform: scale(0)\n        }\n        50% {\n            transform: scale(1);\n            -webkit-transform: scale(1)\n        }\n    }\n    \n    .sky-wait-container.sky-wait-active {\n        position: relative\n    }\n\n/* the following I couldn't figure out where they were being called from, so put them in manually */\n    th,\n    td {\n        padding-bottom: 8px;\n        padding-left: 8px;\n        padding-right: 8px;\n        padding-top: 8px;\ntext-align: left;\nbox-sizing: border-box;\n\n    }\n\ntable {\nbox-sizing: border box;\n}\n\n</style>"}]}},"Initialize_variable_-_RecordURL":{"runAfter":{"Initialize_variable_-_BBCRMorAltru":["Succeeded"]},"metadata":{"operationMetadataId":"eb02709c-2ea4-4ce4-b997-eb29f0a90c9a"},"type":"InitializeVariable","inputs":{"variables":[{"name":"RecordURL","type":"string","value":"https://crm.sky.blackbaud.com/crm/webui/webshellpage.aspx?databasename=5740npdemo#pageType=p&pageId=88159265-2b7e-4c7b-82a2-119d01ecd40f"}]},"description":"Update for your base record URL"},"Initialize_variable_-_BBCRMorAltru":{"runAfter":{"README_-_ACTION_REQUIRED_-_OPEN_UP_THIS_PART_OF_THE_FLOW":["Succeeded"]},"metadata":{"operationMetadataId":"f89a0302-8907-4264-a5aa-9b522ace57a9"},"type":"InitializeVariable","inputs":{"variables":[{"name":"BBCRMorAltru","type":"string","value":"crm"}]},"description":"For BBCRM customers, use the value \"crm\" (default).  For Altru customers, switch to \"alt\""},"README_-_ACTION_REQUIRED_-_OPEN_UP_THIS_PART_OF_THE_FLOW":{"actions":{"SCOPE_OF_SUPPORT_-_README":{"runAfter":{},"metadata":{"operationMetadataId":"2a9fed97-d5c9-473a-acda-40392530b61a"},"type":"Compose","inputs":"This part of the flow has no impact on the output, but does have key information. \n* If you're new to working with Power Automate, or Blackabud related actions in Power Automate, see our Getting Started Guide at https://docs.blackbaud.com/microsoft-connectors-docs/microsoft-power-platform/getting-started\n\n* For instructions on how to setup this specific flow as well as support options available, see https://github.com/glenhutson/BlackbaudCustomizations/tree/main/BBCRM-Altru/BBCRM-Altru-UpdateRequest\n\n* THE SOFTWARE IS PROVIDED \"AS IS\", WITHOUT WARRANTY OF ANY KIND, EXPRESS OR IMPLIED, INCLUDING BUT NOT LIMITED TO THE WARRANTIES OF MERCHANTABILITY, FITNESS FOR A PARTICULAR PURPOSE AND NONINFRINGEMENT. IN NO EVENT SHALL THE AUTHORS OR COPYRIGHT HOLDERS BE LIABLE FOR ANY CLAIM, DAMAGES OR OTHER LIABILITY, WHETHER IN AN ACTION OF CONTRACT, TORT OR OTHERWISE, ARISING FROM, OUT OF OR IN CONNECTION WITH THE SOFTWARE OR THE USE OR OTHER DEALINGS IN THE SOFTWARE.\n\n!!!!!!!!!! IMPORTANT !!!!!!!!!!\nOnce you have read and understand the above, remove the \"Terminate\" action immediately below to enable this flow.  "},"Terminate":{"runAfter":{"SCOPE_OF_SUPPORT_-_README":["Succeeded"]},"metadata":{"operationMetadataId":"f8b10394-7c22-4d48-bb14-3e47a4eccfaa"},"type":"Terminate","inputs":{"runStatus":"Failed"}}},"runAfter":{},"metadata":{"operationMetadataId":"69426340-3c5a-4c1c-b6ad-b237c42a1561"},"type":"Scope"}},"outputs":{},"description":"A dual-track flow that displays an Adaptive Card Information Update Request form.  Upon submission, sends details to designated contact(s) via Email for review."},"connectionReferences":{"shared_blackbaudskyaddins-2":{"connectionName":"shared-blackbaudskya-53f8ea73-1860-4931-8de3-975a422f87e6","source":"Embedded","id":"/providers/Microsoft.PowerApps/apis/shared_blackbaudskyaddins","tier":"NotSpecified"},"shared_blackbaudskyaddins":{"connectionName":"shared-blackbaudskya-53f8ea73-1860-4931-8de3-975a422f87e6","source":"Embedded","id":"/providers/Microsoft.PowerApps/apis/shared_blackbaudskyaddins","tier":"NotSpecified"},"shared_sendmail":{"connectionName":"shared-sendmail-1caaeb92-69f2-4339-b46a-28eb87d7ec9b","source":"Embedded","id":"/providers/Microsoft.PowerApps/apis/shared_sendmail","tier":"NotSpecified"}},"flowFailureAlertSubscribed":false,"isManaged":false}}