{"name":"3323ea74-4dce-4768-b563-fd4628e0d76f","id":"/providers/Microsoft.Flow/flows/3323ea74-4dce-4768-b563-fd4628e0d76f","type":"Microsoft.Flow/flows","properties":{"apiId":"/providers/Microsoft.PowerApps/apis/shared_logicflows","displayName":"RENXT - Webhooks - ConstituentActions","definition":{"metadata":{"workflowEntityId":null,"processAdvisorMetadata":null,"flowChargedByPaygo":null,"flowclientsuspensionreason":"None","flowclientsuspensiontime":null,"flowclientsuspensionreasondetails":null,"creator":{"id":"f756b54d-1e20-4c1e-a5f6-009521a76ac1","type":"User","tenantId":"31fa3fc8-0d67-4b00-8f5a-3a9a69c281b8"},"provisioningMethod":"FromDefinition","failureAlertSubscription":true,"clientLastModifiedTime":"2023-05-30T14:27:12.1075198Z"},"$schema":"https://schema.management.azure.com/providers/Microsoft.Logic/schemas/2016-06-01/workflowdefinition.json#","contentVersion":"1.0.0.0","parameters":{"$connections":{"defaultValue":{},"type":"Object"},"$authentication":{"defaultValue":{},"type":"SecureObject"}},"triggers":{"manual":{"metadata":{"operationMetadataId":"d4c52925-220e-445a-b7ae-4264ebba12a4"},"type":"Request","kind":"Http","inputs":{"schema":{"type":"object","properties":{"type":{"type":"string"},"specversion":{"type":"string"},"source":{"type":"string"},"subject":{"type":"string"},"id":{"type":"string"},"time":{"type":"string"},"data":{"type":"object","properties":{"id":{"type":"string","x-ms-summary":"RecordID"},"constituent_id":{"type":"string","x-ms-summary":"ConstituentRecordID"}}}}},"method":"OPTIONS"},"description":"After initial setup and a subscription has been made, click \"Show Advanced Options\" and switch the METHOD to POST."}},"actions":{"Initialize_variable_-_AssignedToEmail":{"runAfter":{"Terminate":["Succeeded"]},"metadata":{"operationMetadataId":"236ff186-4698-465b-8307-f912dda5a1e7"},"type":"InitializeVariable","inputs":{"variables":[{"name":"AssignedToEmail","type":"string"}]}},"Get_a_constituent_action":{"runAfter":{"Initialize_variable_-_AssignedToEmail":["Succeeded"]},"metadata":{"operationMetadataId":"5f57d827-e798-4075-86de-bcf4f1b7eb03"},"type":"OpenApiConnection","inputs":{"host":{"apiId":"/providers/Microsoft.PowerApps/apis/shared_blackbaudinteraction","connectionName":"shared_blackbaudinteraction_1","operationId":"GetAction"},"parameters":{"action_id":"@triggerBody()?['data']?['id']"},"authentication":"@parameters('$authentication')"}},"Compose_-_TestConstituentID":{"runAfter":{"Get_a_constituent_action":["Succeeded"]},"metadata":{"operationMetadataId":"1a5bf353-2076-4402-94b0-eb0a87f9b94c"},"type":"Compose","inputs":"XXXXXX","description":"For testing purposes: Put YOUR System Record ID here.  The following condition will trigger only if you're assigned to the action. "},"Condition_-_IsNotDeletedAndFundraisersExist":{"actions":{"Send_an_email_notification_(V3)":{"runAfter":{"Apply_to_each_-_CreateAssingedToList":["Succeeded"]},"metadata":{"operationMetadataId":"5444baa6-e4d5-494e-a8c4-40e2aeaa006e"},"type":"OpenApiConnection","inputs":{"host":{"apiId":"/providers/Microsoft.PowerApps/apis/shared_sendmail","connectionName":"shared_sendmail_1","operationId":"SendEmailV3"},"parameters":{"request/to":"@variables('AssignedToEmail')","request/subject":"An action for @{outputs('Get_a_constituent_-_ActionConstituent')?['body/name']} has been created or updated: @{outputs('Get_a_constituent_action')?['body/summary']}","request/text":"<p>An action assigned to you has been created or updated.<br>\n<br>\n<strong>Constituent</strong>: @{outputs('Get_a_constituent_-_ActionConstituent')?['body/name']}<br>\n<strong>Category</strong>: @{outputs('Get_a_constituent_action')?['body/category']}<br>\n<strong>Type</strong>: @{outputs('Get_a_constituent_action')?['body/type']}<br>\n<strong>Summary</strong>: @{outputs('Get_a_constituent_action')?['body/summary']}<br>\n<strong>Note</strong>: @{outputs('Get_a_constituent_action')?['body/description']}<br>\n<strong>Status</strong>: @{outputs('Get_a_constituent_action')?['body/status']}<br>\n<strong>Date</strong>: @{formatDateTime(outputs('Get_a_constituent_action')?['body/date'], 'D')}<br>\n<br>\n<br>\nFor more information, see: https://host.nxt.blackbaud.com/constituent-actions/records/@{outputs('Get_a_constituent_action')?['body/id']}?envid=@{outputs('Compose_-_IsolateEnvironmentID')}&amp;svcid=renxt<br>\n<br>\nFor troubleshooting:<br>\n<strong>Type</strong>: @{triggerBody()?['type']}<br>\n<strong>Subject</strong>: @{triggerBody()?['subject']}<br>\n<strong>ID</strong>: @{triggerBody()?['id']}<br>\n<strong>Time</strong>: @{triggerBody()?['time']}</p>"},"authentication":"@parameters('$authentication')"}},"Compose_-_JoinFundraisers":{"runAfter":{},"metadata":{"operationMetadataId":"17ebbae1-9bd7-4385-8102-dc4fe97bd91c"},"type":"Compose","inputs":"@join(outputs('Get_a_constituent_action')?['body/fundraisers'], ',')","description":"Gets the fundraisers to feed into \"list constituents\". "},"Apply_to_each_-_CreateAssingedToList":{"foreach":"@outputs('List_constituents_-_Fundraisers')?['body/value']","actions":{"Append_to_string_variable_-_AssignedToEmail":{"runAfter":{},"metadata":{"operationMetadataId":"aa305198-864f-48de-98d1-d83c521528a0"},"type":"AppendToStringVariable","inputs":{"name":"AssignedToEmail","value":"@{items('Apply_to_each_-_CreateAssingedToList')?['email/address']};"}}},"runAfter":{"List_constituents_-_Fundraisers":["Succeeded"]},"metadata":{"operationMetadataId":"2c68230d-c470-40ce-94ab-da35fcf93494"},"type":"Foreach"},"Compose_-_IsolateEnvironmentID":{"runAfter":{"Compose_-_JoinFundraisers":["Succeeded"]},"metadata":{"operationMetadataId":"93cbf960-3d52-4d70-89bd-057f37974212"},"type":"Compose","inputs":"@split(triggerBody()?['subject'], '/')[2]"},"Get_a_constituent_-_ActionConstituent":{"runAfter":{"Compose_-_IsolateEnvironmentID":["Succeeded"]},"metadata":{"operationMetadataId":"256b4089-07a7-4b9e-973a-20fc2e43dccd"},"type":"OpenApiConnection","inputs":{"host":{"apiId":"/providers/Microsoft.PowerApps/apis/shared_blackbaudconstituent","connectionName":"shared_blackbaudconstituent_1","operationId":"GetConstituent"},"parameters":{"constituent_id":"@triggerBody()?['data']?['constituent_id']"},"authentication":"@parameters('$authentication')"}},"List_constituents_-_Fundraisers":{"runAfter":{"Get_a_constituent_-_ActionConstituent":["Succeeded"]},"metadata":{"operationMetadataId":"cf95ecd4-e08b-4188-9190-a509702dc7b6"},"type":"OpenApiConnection","inputs":{"host":{"apiId":"/providers/Microsoft.PowerApps/apis/shared_blackbaudconstituent","connectionName":"shared_blackbaudconstituent_1","operationId":"ListConstituents"},"parameters":{"constituent_id":"@outputs('Compose_-_JoinFundraisers')"},"authentication":"@parameters('$authentication')"}}},"runAfter":{"Compose_-_TestConstituentID":["Succeeded"]},"expression":{"and":[{"not":{"contains":["@triggerBody()?['type']","delete"]}},{"greater":["@length(coalesce(outputs('Get_a_constituent_action')?['body/fundraisers'],''))",0]},{"equals":["@join(outputs('Get_a_constituent_action')?['body/fundraisers'], ',')","@string(outputs('Compose_-_TestConstituentID'))"]}]},"metadata":{"operationMetadataId":"c5fa2924-44e0-406a-9037-fbd9f6cebb5f"},"type":"If","description":"Make sure there are assignments and it wasn't a delete Webhook.  FOR TESTING PURPOSES: the last line makes sure that the actions that you are the ONLY fundraiser are sent through.  FOR GO-LIVE: Remove the last line."},"Response_-_Handshake_-_REMOVE_AFTER_INITIAL_SUBSCRIPTION":{"runAfter":{},"metadata":{"operationMetadataId":"7d700f02-c053-4cfe-bb54-3666917c31f2"},"type":"Response","kind":"Http","inputs":{"statusCode":200,"headers":{"WebHook-Allowed-Origin":"eventgrid.azure.net"}},"description":"After initial setup and a subscription has been directed here, remove this step"},"Terminate":{"runAfter":{"Response_-_Handshake_-_REMOVE_AFTER_INITIAL_SUBSCRIPTION":["Succeeded"]},"metadata":{"operationMetadataId":"25a64ffd-b030-4e65-8f35-12edf32e3fa4"},"type":"Terminate","inputs":{"runStatus":"Succeeded"},"description":"After initial setup, remove this step. "}}},"connectionReferences":{"shared_blackbaudinteraction_1":{"connectionName":"shared-blackbaudinte-874edfec-7e23-49e6-a8f2-fd12f0908e08","source":"Embedded","id":"/providers/Microsoft.PowerApps/apis/shared_blackbaudinteraction","tier":"NotSpecified"},"shared_sendmail_1":{"connectionName":"shared-sendmail-db79926d-5971-43f9-ad1b-5bd6e5538ed5","source":"Embedded","id":"/providers/Microsoft.PowerApps/apis/shared_sendmail","tier":"NotSpecified"},"shared_blackbaudconstituent_1":{"connectionName":"shared-blackbaudcons-07119115-54cd-407f-8c0c-08af102f2a6b","source":"Embedded","id":"/providers/Microsoft.PowerApps/apis/shared_blackbaudconstituent","tier":"NotSpecified"}},"flowFailureAlertSubscribed":false,"isManaged":false}}