{"name":"a15ee67c-9c1a-4f0b-b249-8b4c8871ce97","id":"/providers/Microsoft.Flow/flows/a15ee67c-9c1a-4f0b-b249-8b4c8871ce97","type":"Microsoft.Flow/flows","properties":{"apiId":"/providers/Microsoft.PowerApps/apis/shared_logicflows","displayName":"RENXT-Portal-Email-Preferences-Submission-AC-V1","definition":{"metadata":{"workflowEntityId":null,"processAdvisorMetadata":null,"flowChargedByPaygo":null,"flowclientsuspensionreason":"None","flowclientsuspensiontime":null,"flowclientsuspensionreasondetails":null,"creator":{"id":"f756b54d-1e20-4c1e-a5f6-009521a76ac1","type":"User","tenantId":"31fa3fc8-0d67-4b00-8f5a-3a9a69c281b8"},"provisioningMethod":"FromDefinition","failureAlertSubscription":true,"clientLastModifiedTime":"2023-07-07T00:02:21.3200568Z"},"$schema":"https://schema.management.azure.com/providers/Microsoft.Logic/schemas/2016-06-01/workflowdefinition.json#","contentVersion":"1.0.0.0","parameters":{"$connections":{"defaultValue":{},"type":"Object"},"$authentication":{"defaultValue":{},"type":"SecureObject"}},"staticResults":{"Validate_a_user_identity_token0":{"status":"Succeeded","outputs":{"statusCode":"OK","headers":{}}},"Create_a_constituent_consent_record1":{"status":"Succeeded","outputs":{"statusCode":"OK","headers":{}}},"Create_a_constituent_action2":{"status":"Succeeded","outputs":{"statusCode":"OK","headers":{}}},"Update_a_constituent_-_UpdateRequestsNoEmailFlag3":{"status":"Succeeded","outputs":{"statusCode":"OK","headers":{}}}},"triggers":{"manual":{"metadata":{"operationMetadataId":"770124d3-71c7-4394-8266-50c6c4c380dc"},"type":"Request","kind":"Http","inputs":{"schema":{"type":"object","properties":{"uit":{"type":"string"},"data":{"type":"object","properties":{"constituent_id":{"type":"string"},"TargetEmailCategories":{"type":"array","items":{"type":"string"}},"privacy_notice":{"type":"string"},"consent_statement":{"type":"string"},"source":{"type":"string"},"consent_date":{"type":"string"},"global_email_statement":{"type":"string"},"requests_no_email":{"type":"string"}}}}}},"description":"The flow will be triggered with data and context values provided by the Blackbaud host application.  Update the definition of the data property in the below schema to reflect the named data values provided from the Adaptive Card."}},"actions":{"Validate_a_user_identity_token":{"runAfter":{},"metadata":{"operationMetadataId":"e48cc9db-d688-420a-80e4-003a24018f61"},"type":"OpenApiConnection","inputs":{"host":{"apiId":"/providers/Microsoft.PowerApps/apis/shared_blackbaudskyaddins","connectionName":"shared_blackbaudskyaddins_2","operationId":"ValidateUserIdentityToken"},"parameters":{"body/uit":"@triggerBody()?['uit']","body/application_id":"aca76b2e-f9dc-4b33-95a6-65f6718c2874"},"authentication":"@parameters('$authentication')"},"description":"Ensure that the user identity token was issued to the SKY application that triggered the flow.","runtimeConfiguration":{"staticResult":{"staticResultOptions":"Disabled","name":"Validate_a_user_identity_token0"}}},"Apply_to_each_-_CreateConsentRecords":{"foreach":"@triggerBody()?['data']?['TargetEmailCategories']","actions":{"Create_a_constituent_consent_record":{"runAfter":{},"metadata":{"operationMetadataId":"f9ca30ac-1fad-4e9f-bd96-6a3f4df3622f"},"type":"OpenApiConnection","inputs":{"host":{"apiId":"/providers/Microsoft.PowerApps/apis/shared_blackbaudconstituent","connectionName":"shared_blackbaudconstituent","operationId":"CreateConstituentConsent"},"parameters":{"body/constituent_id":"@triggerBody()?['data']?['constituent_id']","body/channel":"Email","body/constituent_consent_response":"@triggerBody()?['data'][concat('cat_',item())]","body/consent_date":"@triggerBody()?['data']?['consent_date']","body/category":"@item()","body/source":"@triggerBody()?['data']?['source']","body/consent_statement":"@triggerBody()?['data']?['consent_statement']","body/privacy_notice":"@triggerBody()?['data']?['privacy_notice']"},"authentication":"@parameters('$authentication')"},"runtimeConfiguration":{"staticResult":{"staticResultOptions":"Disabled","name":"Create_a_constituent_consent_record1"}}}},"runAfter":{"Validate_a_user_identity_token":["Succeeded"]},"metadata":{"operationMetadataId":"308179cc-0a0b-4c0a-8477-70458bcdaa37"},"type":"Foreach"},"Create_a_constituent_action":{"runAfter":{"Compose_-_ActionText":["Succeeded"]},"metadata":{"operationMetadataId":"39c7252c-d441-43e7-a240-2e4ad0fe7ecb"},"type":"OpenApiConnection","inputs":{"host":{"apiId":"/providers/Microsoft.PowerApps/apis/shared_blackbaudinteraction","connectionName":"shared_blackbaudinteraction","operationId":"CreateAction"},"parameters":{"body/constituent_id":"@triggerBody()?['data']?['constituent_id']","body/date":"@triggerBody()?['data']?['consent_date']","body/category":"Task/Other","body/type":"Opt In","body/summary":"Portal Email Updates","body/description":"@outputs('Compose_-_ActionText')","body/completed":true},"authentication":"@parameters('$authentication')"},"description":"Creates an action of the raw data from the submission.  Important for tracking the \"Requests No Email\" as there is no built-in audit trail for that. ","runtimeConfiguration":{"staticResult":{"staticResultOptions":"Disabled","name":"Create_a_constituent_action2"}}},"Compose_-_GetCategoryPreferences_-_Cleanup":{"runAfter":{"Select_-_GetCategoryPreferences":["Succeeded"]},"metadata":{"operationMetadataId":"d80e6839-0dab-4965-8e78-89f41bd82bd3"},"type":"Compose","inputs":"@replace(replace(replace(replace(replace(replace(replace(string(body('Select_-_GetCategoryPreferences')),'[',''),']',''),'{',''),'}',''),'\"',''),',',', '),':',': ')","description":"Takes the JSON from above and uses a bunch of \"replace\" statements to make it more readable.  "},"Update_a_constituent_-_UpdateRequestsNoEmailFlag":{"runAfter":{"Apply_to_each_-_CreateConsentRecords":["Succeeded"]},"metadata":{"operationMetadataId":"daaeae02-77e9-4049-94e0-eec4daba8f68"},"type":"OpenApiConnection","inputs":{"host":{"apiId":"/providers/Microsoft.PowerApps/apis/shared_blackbaudconstituent","connectionName":"shared_blackbaudconstituent","operationId":"EditConstituent"},"parameters":{"constituent_id":"@triggerBody()?['data']?['constituent_id']","body/requests_no_email":"@bool(triggerBody()?['data']?['requests_no_email'])"},"authentication":"@parameters('$authentication')"},"runtimeConfiguration":{"staticResult":{"staticResultOptions":"Disabled","name":"Update_a_constituent_-_UpdateRequestsNoEmailFlag3"}}},"Select_-_GetCategoryPreferences":{"runAfter":{"Response_-_Success":["Succeeded"]},"metadata":{"operationMetadataId":"27b07ed5-339e-48ee-b2c8-1a5a1817e880"},"type":"Select","inputs":{"from":"@triggerBody()?['data']?['TargetEmailCategories']","select":{"@{item()}":"@triggerBody()?['data']?[concat('cat_',item())]"}},"description":"Parses out the Categories to be put into an Action for historical tracking, especially for the 'Requests no Email'.  "},"Compose_-_ActionText":{"runAfter":{"Compose_-_GetCategoryPreferences_-_Cleanup":["Succeeded"]},"metadata":{"operationMetadataId":"6bfc7341-174a-4854-818e-7c6a5ee7a5ba"},"type":"Compose","inputs":"Email Category Options / Selections:\n@{outputs('Compose_-_GetCategoryPreferences_-_Cleanup')}\n\nCategory Consent Statement: @{triggerBody()?['data']?['consent_statement']}\n\nPrivacy Notice: @{triggerBody()?['data']?['privacy_notice']}\n\nRequests No Email Flag: @{triggerBody()?['data']?['requests_no_email']}\n\nGlobal Email Statement: @{triggerBody()?['data']?['global_email_statement']}\n\nSource: @{triggerBody()?['data']?['source']}"},"Response_-_Success":{"runAfter":{"Update_a_constituent_-_UpdateRequestsNoEmailFlag":["Succeeded"]},"metadata":{"operationMetadataId":"7f77d0f6-4412-419a-85b5-5b461bdfc95d"},"type":"Response","kind":"Http","inputs":{"statusCode":200,"headers":{"Content-Type":"application/json"},"body":{"message":"Your request has been submitted successfully.","style":"Success"}},"description":"Return a response message back to the caller to indicate that the flow was triggered."},"Response":{"runAfter":{"Update_a_constituent_-_UpdateRequestsNoEmailFlag":["Failed","Skipped","TimedOut"]},"metadata":{"operationMetadataId":"4fd28f85-5d1d-469d-a845-1b64e7fefda9"},"type":"Response","kind":"Http","inputs":{"statusCode":200,"headers":{"Content-Type":"application/json"},"body":{"message":"Your request ran into an issue.  Please try again.  If unsucessfull please reach out directly.","style":"Danger"}}}},"outputs":{},"description":"Processes the request from the Portal."},"connectionReferences":{"shared_blackbaudskyaddins_2":{"connectionName":"shared-blackbaudskya-3001f339-4120-4bad-9981-962739c86649","source":"Embedded","id":"/providers/Microsoft.PowerApps/apis/shared_blackbaudskyaddins","tier":"NotSpecified"},"shared_blackbaudconstituent":{"connectionName":"shared-blackbaudcons-179ea828-1f39-4338-8ac4-05629a670a15","source":"Embedded","id":"/providers/Microsoft.PowerApps/apis/shared_blackbaudconstituent","tier":"NotSpecified"},"shared_blackbaudinteraction":{"connectionName":"shared-blackbaudinte-258cf542-cb60-4175-8f9f-fd4a4544236c","source":"Embedded","id":"/providers/Microsoft.PowerApps/apis/shared_blackbaudinteraction","tier":"NotSpecified"}},"flowFailureAlertSubscribed":false,"isManaged":false}}