{"name":"9952800c-4266-45dd-80ab-845876c8b877","id":"/providers/Microsoft.Flow/flows/9952800c-4266-45dd-80ab-845876c8b877","type":"Microsoft.Flow/flows","properties":{"apiId":"/providers/Microsoft.PowerApps/apis/shared_logicflows","displayName":"RENXTQuery - RollingFilterDates","definition":{"metadata":{"workflowEntityId":null,"processAdvisorMetadata":null,"flowChargedByPaygo":null,"flowclientsuspensionreason":"None","flowclientsuspensiontime":null,"flowclientsuspensionreasondetails":null,"creator":{"id":"f756b54d-1e20-4c1e-a5f6-009521a76ac1","type":"User","tenantId":"31fa3fc8-0d67-4b00-8f5a-3a9a69c281b8"},"provisioningMethod":"FromDefinition","failureAlertSubscription":true,"clientLastModifiedTime":"2025-11-24T02:41:58.8112962Z","connectionKeySavedTimeKey":"2025-11-24T02:41:58.8112962Z","creationSource":null,"modifiedSources":"Portal"},"$schema":"https://schema.management.azure.com/providers/Microsoft.Logic/schemas/2016-06-01/workflowdefinition.json#","contentVersion":"undefined","parameters":{"$authentication":{"defaultValue":{},"type":"SecureObject"},"$connections":{"defaultValue":{},"type":"Object"}},"triggers":{"manual":{"type":"Request","kind":"Button","inputs":{"schema":{"type":"object","properties":{},"required":[]}},"description":"Convert this to a \"Recurrance\" trigger to have it automatically update on a regular basis, such as 12:01am each day. "}},"actions":{"Send_an_HTTP_request_-_UpdateQuery":{"runAfter":{"Compose_-_UpdatedQuery":["Succeeded"]},"metadata":{"operationMetadataId":"85483c87-04ff-43d8-84a8-47bf204deacd"},"type":"OpenApiConnection","inputs":{"parameters":{"body/method":"PATCH","body/path":"/query/queries/@{outputs('Compose__-_QueryID')}","body/query":{"product":"RE","module":"NONE"},"body/body":"@outputs('Compose_-_UpdatedQuery')"},"host":{"apiId":"/providers/Microsoft.PowerApps/apis/shared_blackbaudskyaddins","connectionName":"shared_blackbaudskyaddins-1","operationId":"SendHttpRequest"},"authentication":"@parameters('$authentication')"}},"Compose_-_UpdatedQuery":{"runAfter":{"Subtract_from_time":["Succeeded"]},"metadata":{"operationMetadataId":"587df4fb-b1a1-40c3-9f5f-0f16c9f4236a"},"type":"Compose","inputs":{"advanced_processing_options":{"use_alternate_sql_code_table_fields":false,"use_alternate_sql_multiple_attributes":false},"category_id":1,"constituent_filters":{"include_deceased":true,"include_inactive":true,"include_no_valid_addresses":true},"filter_fields":[{"compare_type":"None","filter_values":["@{body('Subtract_from_time')}"],"left_parenthesis":false,"operator":"GreaterThanOrEqualTo","query_field_id":536,"right_parenthesis":false}],"summary_fields":[],"format":"Dynamic","gift_processing_options":{"matching_gift_credit_option":"Donor","soft_credit_option":"Donor","use_gross_amount_for_covenants":false},"others_can_execute":true,"others_can_modify":true,"select_fields":[{"query_field_id":4572},{"query_field_id":536},{"query_field_id":649}],"sort_fields":[{"query_field_id":536,"sort_order":"Ascending"},{"query_field_id":4572,"sort_order":"Ascending"},{"query_field_id":649,"sort_order":"Ascending"}],"suppress_duplicates":false,"type_id":20},"description":"To get the JSON for an existing query, click on \"Options\" in the Query Editor and scroll down to the \"Copy query JSON\" button.  This step is where you would insert any Calculated time Dynamic Content. "},"Convert_time_zone":{"runAfter":{"Compose__-_QueryID":["Succeeded"]},"metadata":{"operationMetadataId":"07452116-a382-49d9-a94c-dba493bc95a3"},"type":"Expression","kind":"ConvertTimeZone","inputs":{"baseTime":"@utcNow()","sourceTimeZone":"UTC","destinationTimeZone":"Eastern Standard Time","formatString":"d"},"description":"This gets the current date and converts it to Eastern Time, the time of the US Based Instances.  It also formats it in a way that is appropriate for queries in the US.  For non-US customers, you may need to review and update as applicable. "},"Subtract_from_time":{"runAfter":{"Convert_time_zone":["Succeeded"]},"metadata":{"operationMetadataId":"456fb7be-46c9-4802-81f3-9de4d9865591"},"type":"Expression","kind":"SubtractFromTime","inputs":{"baseTime":"@body('Convert_time_zone')","interval":30,"timeUnit":"Day"},"description":"Update this to specify how far back you want the \"rolling\" date to go to. "},"Compose_-_ExampleRENXTQuery":{"runAfter":{"README_-_ACTION_REQUIRED_-_OPEN_UP_THIS_PART_OF_THE_FLOW":["Succeeded"]},"type":"Compose","inputs":{"advanced_processing_options":{"use_alternate_sql_code_table_fields":false,"use_alternate_sql_multiple_attributes":false},"category_id":1,"constituent_filters":{"include_deceased":true,"include_inactive":true,"include_no_valid_addresses":true},"filter_fields":[{"compare_type":"None","filter_values":["4/1/2025"],"left_parenthesis":false,"operator":"GreaterThanOrEqualTo","query_field_id":536,"right_parenthesis":false}],"summary_fields":[],"format":"Dynamic","gift_processing_options":{"matching_gift_credit_option":"Donor","soft_credit_option":"Donor","use_gross_amount_for_covenants":false},"name":"PowerAutomate Example - API - GiftsSinceDate","others_can_execute":true,"others_can_modify":true,"select_fields":[{"query_field_id":4572},{"query_field_id":536},{"query_field_id":649}],"sort_fields":[{"query_field_id":536,"sort_order":"Ascending"},{"query_field_id":4572,"sort_order":"Ascending"},{"query_field_id":649,"sort_order":"Ascending"}],"suppress_duplicates":false,"type_id":20},"description":"Use this JSON to create the example via the SKY API Console, also known as the \"Try It\".  Don't forget you may need to do an additional login at the upper-right before clicking \"Try It\".  https://developer.sky.blackbaud.com/api#api=query&operation=AddQuery"},"Compose__-_QueryID":{"runAfter":{"Compose_-_ExampleRENXTQuery":["Succeeded"]},"type":"Compose","inputs":"Delete this text and insert the Query ID here. ","description":"Once You've created the Example Query or created your own, put the ID here.  To find the System Record ID of an existing query, you may have to enable that column in the Query List (click \"Columns\" near the top.)"},"README_-_ACTION_REQUIRED_-_OPEN_UP_THIS_PART_OF_THE_FLOW":{"actions":{"SCOPE_OF_SUPPORT_-_README":{"metadata":{"operationMetadataId":"2a9fed97-d5c9-473a-acda-40392530b61a"},"type":"Compose","inputs":"This part of the flow has no impact on the output, but does have key information. \n* If you're new to working with Power Automate, or Blackabud related actions in Power Automate, see our Getting Started Guide at https://docs.blackbaud.com/microsoft-connectors-docs/microsoft-power-platform/getting-started\n\n* For instructions on how to setup this specific flow as well as support options available, see https://github.com/glenhutson/BlackbaudCustomizations/tree/main/Raiser's-Edge-NXT/Query%20-%20Rolling%20Filter%20Dates\n\n* THE SOFTWARE IS PROVIDED \"AS IS\", WITHOUT WARRANTY OF ANY KIND, EXPRESS OR IMPLIED, INCLUDING BUT NOT LIMITED TO THE WARRANTIES OF MERCHANTABILITY, FITNESS FOR A PARTICULAR PURPOSE AND NONINFRINGEMENT. IN NO EVENT SHALL THE AUTHORS OR COPYRIGHT HOLDERS BE LIABLE FOR ANY CLAIM, DAMAGES OR OTHER LIABILITY, WHETHER IN AN ACTION OF CONTRACT, TORT OR OTHERWISE, ARISING FROM, OUT OF OR IN CONNECTION WITH THE SOFTWARE OR THE USE OR OTHER DEALINGS IN THE SOFTWARE.\n\n!!!!!!!!!! IMPORTANT !!!!!!!!!!\nOnce you have read and understand the above, remove the \"Terminate\" action immediately below to enable this flow.  "},"Terminate":{"runAfter":{"SCOPE_OF_SUPPORT_-_README":["Succeeded"]},"metadata":{"operationMetadataId":"7199c4aa-ea68-404a-970e-b9fa9e45e793"},"type":"Terminate","inputs":{"runStatus":"Failed","runError":{"message":"Please read the \"Scope of Support\" action and follow instructions.  "}}}},"runAfter":{},"metadata":{"operationMetadataId":"69426340-3c5a-4c1c-b6ad-b237c42a1561"},"type":"Scope"}}},"connectionReferences":{"shared_blackbaudskyaddins-1":{"connectionName":"shared-blackbaudskya-7812c991-dd7d-4da1-a830-c46b338e6b0d","source":"Embedded","id":"/providers/Microsoft.PowerApps/apis/shared_blackbaudskyaddins","tier":"NotSpecified","apiName":"blackbaudskyaddins","isProcessSimpleApiReferenceConversionAlreadyDone":false}},"flowFailureAlertSubscribed":false,"isManaged":false}}