{"name":"9020f704-3f99-429f-bae6-7a2b9e9e1781","id":"/providers/Microsoft.Flow/flows/9020f704-3f99-429f-bae6-7a2b9e9e1781","type":"Microsoft.Flow/flows","properties":{"apiId":"/providers/Microsoft.PowerApps/apis/shared_logicflows","displayName":"BioOrg2-V1","definition":{"metadata":{"workflowEntityId":null,"processAdvisorMetadata":null,"flowChargedByPaygo":null,"flowclientsuspensionreason":"None","flowclientsuspensiontime":null,"flowclientsuspensionreasondetails":null,"creator":{"id":"f756b54d-1e20-4c1e-a5f6-009521a76ac1","type":"User","tenantId":"31fa3fc8-0d67-4b00-8f5a-3a9a69c281b8"},"provisioningMethod":"FromDefinition","failureAlertSubscription":true,"clientLastModifiedTime":"2024-01-30T18:47:03.3059588Z","connectionKeySavedTimeKey":"2024-01-30T18:47:03.3059588Z"},"$schema":"https://schema.management.azure.com/providers/Microsoft.Logic/schemas/2016-06-01/workflowdefinition.json#","contentVersion":"1.0.0.0","parameters":{"$connections":{"defaultValue":{},"type":"Object"},"$authentication":{"defaultValue":{},"type":"SecureObject"}},"triggers":{"manual":{"metadata":{"operationMetadataId":"064803c2-c422-4be5-9d35-6fbe19898630"},"type":"Request","kind":"Http","inputs":{"schema":{"type":"object","properties":{"uit":{"type":"string"},"context":{"type":"object","properties":{"recordId":{"type":"string"}}}}},"triggerAuthenticationType":"All"},"description":"The flow will be triggered with context values provided by the Blackbaud host application."}},"actions":{"Validate_a_user_identity_token":{"runAfter":{"README_-_ACTION_REQUIRED_-_OPEN_UP_THIS_PART_OF_THE_FLOW":["Succeeded"]},"metadata":{"operationMetadataId":"e48cc9db-d688-420a-80e4-003a24018f61"},"type":"OpenApiConnection","inputs":{"host":{"apiId":"/providers/Microsoft.PowerApps/apis/shared_blackbaudskyaddins","connectionName":"shared_blackbaudskyaddins","operationId":"ValidateUserIdentityToken"},"parameters":{"body/uit":"@triggerBody()?['uit']","body/application_id":"4300ab81-89f3-4924-9aee-ed5d6d0ec904"},"authentication":"@parameters('$authentication')"},"description":"Ensure that the user identity token was issued to the SKY application that triggered the flow."},"Response":{"runAfter":{"Condition_-_IndOrOrg":["Succeeded"]},"metadata":{"operationMetadataId":"7f77d0f6-4412-419a-85b5-5b461bdfc95d"},"type":"Response","kind":"Http","inputs":{"statusCode":200,"headers":{"Content-Type":"application/json"},"body":"@coalesce(outputs('Compose_Adaptive_Card_JSON_-_Individual'),outputs('Compose_-_Adaptive_Card_JSON_-_Organization'))"},"description":"Return the card definition back to the Adaptive Card Host SPA.  Since only the Individual Or Organization Compose will be filled out at a time, can use \"coalesce\" rather than an variable."},"Get_a_constituent":{"runAfter":{"Condition_-_Authorized_User":["Succeeded"]},"metadata":{"operationMetadataId":"5a42210c-1d13-4727-ba46-55054518857f"},"type":"OpenApiConnection","inputs":{"host":{"apiId":"/providers/Microsoft.PowerApps/apis/shared_blackbaudconstituent","connectionName":"shared_blackbaudconstituent","operationId":"GetConstituent"},"parameters":{"constituent_id":"@triggerBody()?['context']?['recordId']"},"authentication":"@parameters('$authentication')"}},"Condition_-_IndOrOrg":{"actions":{"Compose_Adaptive_Card_JSON_-_Individual":{"runAfter":{},"metadata":{"operationMetadataId":"ccf8c604-7eca-4ff1-8a0b-78dccd49ee09"},"type":"Compose","inputs":{"$schema":"http://adaptivecards.io/schemas/adaptive-card.json","type":"AdaptiveCard","version":"1.5","body":[{"type":"FactSet","id":"Bio 2 Information","facts":[{"type":"Fact","title":"Birthplace","value":"@{outputs('Get_a_constituent')?['body/birthplace']}"},{"type":"Fact","title":"Religion","value":"@{outputs('Get_a_constituent')?['body/religion']}"},{"type":"Fact","title":"Ethnicity","value":"@{outputs('Get_a_constituent')?['body/ethnicity']}"}]}]},"description":"Build the Adaptive Card JSON payload."}},"runAfter":{"Get_a_constituent":["Succeeded"]},"else":{"actions":{"Compose_-_Adaptive_Card_JSON_-_Organization":{"runAfter":{},"metadata":{"operationMetadataId":"79e4c7f9-ec0a-4f52-8ac9-73c8de0b213d"},"type":"Compose","inputs":{"$schema":"http://adaptivecards.io/schemas/adaptive-card.json","type":"AdaptiveCard","version":"1.5","body":[{"type":"FactSet","id":"Org 2 Information","facts":[{"type":"Fact","title":"Number Employees","value":"@{outputs('Get_a_constituent')?['body/num_employees']}"},{"type":"Fact","title":"Industry","value":"@{outputs('Get_a_constituent')?['body/industry']}"}]},{"type":"TextBlock","id":"MatchingGiftLabel","wrap":true,"text":"Matching Gift Information","size":"Large"},{"type":"FactSet","id":"MatchingGift","facts":[{"type":"Fact","title":"Organization Matches Gifts","value":"@{outputs('Get_a_constituent')?['body/matches_gifts']}"},{"type":"Fact","title":"Factor","value":"@{outputs('Get_a_constituent')?['body/matching_gift_factor']}"},{"type":"Fact","title":"Notes","value":"@{outputs('Get_a_constituent')?['body/matching_gift_notes']}"}]},{"type":"Table","id":"MGTable","columns":[{"width":1},{"width":1},{"width":1}],"rows":[{"type":"TableRow","id":"tableRow1","cells":[{"type":"TableCell","id":"tableCell1"},{"type":"TableCell","id":"tableCell2","items":[{"type":"TextBlock","id":"MGMinLabel","wrap":true,"text":"Minimum"}]},{"type":"TableCell","id":"tableCell3","items":[{"type":"TextBlock","id":"MGMaxLabel","wrap":true,"text":"Maximum"}]}]},{"type":"TableRow","id":"tableRow2","cells":[{"type":"TableCell","id":"tableCell4","items":[{"type":"TextBlock","id":"MGPerGiftLabel","wrap":true,"text":"Per gift","weight":"Bolder"}]},{"type":"TableCell","id":"tableCell5","items":[{"type":"TextBlock","id":"MGPerGiftMinimum","wrap":true,"text":"@{if(empty(outputs('Get_a_constituent')?['body/matching_gift_per_gift_min/value']),'N/A',formatNumber(outputs('Get_a_constituent')?['body/matching_gift_per_gift_min/value'],'C'))}"}]},{"type":"TableCell","id":"tableCell6","items":[{"type":"TextBlock","id":"MGPerGiftMax","wrap":true,"text":"@{if(empty(outputs('Get_a_constituent')?['body/matching_gift_per_gift_max/value']),'N/A', formatNumber(outputs('Get_a_constituent')?['body/matching_gift_per_gift_max/value'],'C'))}"}]}]},{"type":"TableRow","id":"tableRow4","cells":[{"type":"TableCell","id":"tableCell10","items":[{"type":"TextBlock","id":"MGTotalPerDonorLabel","wrap":true,"text":"Total per donor","weight":"bolder"}]},{"type":"TableCell","id":"tableCell11","items":[{"type":"TextBlock","id":"MGTotalPerDonorMin","wrap":true,"text":"@{if(empty(outputs('Get_a_constituent')?['body/matching_gift_total_min/value']),'N/A', formatNumber(outputs('Get_a_constituent')?['body/matching_gift_total_min/value'],'C'))}"}]},{"type":"TableCell","id":"tableCell12","items":[{"type":"TextBlock","id":"MGTotalPerDonorMax","wrap":true,"text":"@{if(empty(outputs('Get_a_constituent')?['body/matching_gift_total_max/value']),'N/A', formatNumber(outputs('Get_a_constituent')?['body/matching_gift_total_min/value'],'C'))}"}]}]}]}]}}}},"expression":{"and":[{"equals":["@outputs('Get_a_constituent')?['body/type']","Individual"]}]},"metadata":{"operationMetadataId":"8365b8ee-2a62-4acb-ae3f-382dee9fb872"},"type":"If","description":"Different information is available if it's an Individual or Organization"},"README_-_ACTION_REQUIRED_-_OPEN_UP_THIS_PART_OF_THE_FLOW":{"actions":{"SCOPE_OF_SUPPORT_-_README":{"runAfter":{},"metadata":{"operationMetadataId":"2a9fed97-d5c9-473a-acda-40392530b61a"},"type":"Compose","inputs":"This part of the flow has no impact on the output, but does have key information. \n* If you're new to working with Power Automate, or Blackabud related actions in Power Automate, see our Getting Started Guide at https://docs.blackbaud.com/microsoft-connectors-docs/microsoft-power-platform/getting-started\n\n* For instructions on how to setup this specific flow as well as support options available, see https://github.com/glenhutson/BlackbaudCustomizations/tree/main/Raiser's-Edge-NXT/BioOrg2\n\nYou must update the Application ID in the below \"Validate a user identity token\" step below. \n\n* THE SOFTWARE IS PROVIDED \"AS IS\", WITHOUT WARRANTY OF ANY KIND, EXPRESS OR IMPLIED, INCLUDING BUT NOT LIMITED TO THE WARRANTIES OF MERCHANTABILITY, FITNESS FOR A PARTICULAR PURPOSE AND NONINFRINGEMENT. IN NO EVENT SHALL THE AUTHORS OR COPYRIGHT HOLDERS BE LIABLE FOR ANY CLAIM, DAMAGES OR OTHER LIABILITY, WHETHER IN AN ACTION OF CONTRACT, TORT OR OTHERWISE, ARISING FROM, OUT OF OR IN CONNECTION WITH THE SOFTWARE OR THE USE OR OTHER DEALINGS IN THE SOFTWARE.\n\n!!!!!!!!!! IMPORTANT !!!!!!!!!!\nOnce you have read and understand the above, remove the \"Terminate\" action immediately below to enable this flow.  "},"Terminate":{"runAfter":{"SCOPE_OF_SUPPORT_-_README":["Succeeded"]},"metadata":{"operationMetadataId":"7199c4aa-ea68-404a-970e-b9fa9e45e793"},"type":"Terminate","inputs":{"runStatus":"Failed","runError":{"message":"Please read the \"Scope of Support\" action and follow instructions.  "}}}},"runAfter":{},"metadata":{"operationMetadataId":"69426340-3c5a-4c1c-b6ad-b237c42a1561"},"type":"Scope"},"Condition_-_Authorized_User":{"actions":{},"runAfter":{"Compose_-_AuthorizedUsers":["Succeeded"]},"else":{"actions":{"Terminate_-_UnauthorizedUser":{"runAfter":{},"metadata":{"operationMetadataId":"b721c68d-5dfa-4b08-9dd4-083217a0c77c"},"type":"Terminate","inputs":{"runStatus":"Cancelled"}}}},"expression":{"or":[{"contains":["@toLower(outputs('Compose_-_AuthorizedUsers'))","@toLower(outputs('Validate_a_user_identity_token')?['body/email'])"]},{"equals":["@outputs('Compose_-_AuthorizedUsers')","all"]}]},"metadata":{"operationMetadataId":"30d5acf7-5970-47d8-92ff-23aabc6eec59"},"type":"If"},"Compose_-_AuthorizedUsers":{"runAfter":{"Validate_a_user_identity_token":["Succeeded"]},"metadata":{"operationMetadataId":"af05a84f-8049-4c24-a9af-6a5b684bfb19"},"type":"Compose","inputs":"all","description":"List all authorized user email addresses (tied to their Blackbaud ID) separated by comma. Set it to 'all' (lower case) for all users."}},"outputs":{},"description":"Shows additional Constituent information available in the API, but not natively (at the time of publication) in the WebView."},"connectionReferences":{"shared_blackbaudskyaddins":{"connectionName":"shared-blackbaudskya-d93c2ced-1304-4fba-8552-2c7e5e8914cb","source":"Embedded","id":"/providers/Microsoft.PowerApps/apis/shared_blackbaudskyaddins","tier":"NotSpecified"},"shared_blackbaudconstituent":{"connectionName":"shared-blackbaudcons-179ea828-1f39-4338-8ac4-05629a670a15","source":"Embedded","id":"/providers/Microsoft.PowerApps/apis/shared_blackbaudconstituent","tier":"NotSpecified"}},"flowFailureAlertSubscribed":false,"isManaged":false}}