{"name":"13415874-c346-4bd3-80a6-c2cc0c2030b6","id":"/providers/Microsoft.Flow/flows/13415874-c346-4bd3-80a6-c2cc0c2030b6","type":"Microsoft.Flow/flows","properties":{"apiId":"/providers/Microsoft.PowerApps/apis/shared_logicflows","displayName":"SKYAddin-TREventStats","definition":{"metadata":{"workflowEntityId":null,"processAdvisorMetadata":null,"flowclientsuspensionreason":"None","flowclientsuspensiontime":null,"creator":{"id":"f756b54d-1e20-4c1e-a5f6-009521a76ac1","type":"User","tenantId":"31fa3fc8-0d67-4b00-8f5a-3a9a69c281b8"},"provisioningMethod":"FromDefinition","failureAlertSubscription":true,"clientLastModifiedTime":"2021-09-08T10:51:40.8869809Z"},"$schema":"https://schema.management.azure.com/providers/Microsoft.Logic/schemas/2016-06-01/workflowdefinition.json#","contentVersion":"1.0.0.0","parameters":{"$connections":{"defaultValue":{},"type":"Object"},"$authentication":{"defaultValue":{},"type":"SecureObject"}},"triggers":{"manual":{"type":"Request","kind":"Http","inputs":{"method":"GET"}}},"actions":{"Initialize_variable_-_LookupID":{"runAfter":{"Get_an_event":["Succeeded"]},"type":"InitializeVariable","inputs":{"variables":[{"name":"LookupID","type":"string","value":"@outputs('Get_an_event')?['body/lookup_id']"}]},"description":"Isolate the LookupID"},"Initialize_variable_-_LOAPIKey":{"runAfter":{},"type":"InitializeVariable","inputs":{"variables":[{"name":"api_key","type":"string"}]},"description":"YOUR sites API Key in the Value Box"},"Initialize_variable_-_LOBaseURL":{"runAfter":{"Initialize_variable_-_LOAPIKey":["Succeeded"]},"type":"InitializeVariable","inputs":{"variables":[{"name":"LOBaseURL","type":"string"}]},"description":"https://secureX.convio.net/shortname/site OR your custom LO address with \"/site\" at the end.  "},"Condition_-_Delimiter_Exists":{"actions":{"Set_variable_-_TeamRaiser_ID":{"runAfter":{},"type":"SetVariable","inputs":{"name":"TeamRaiserID","value":"@{split(variables('LookupID'),'*')[1]}"},"description":"Looks for the \"*\" delimiter, splits, and takes the second half. "},"HTTP-getTopParticipantsData":{"runAfter":{"Set_variable_-_TeamRaiser_ID":["Succeeded"]},"type":"Http","inputs":{"method":"POST","uri":"@{variables('LOBaseURL')}/CRTeamraiserAPI","queries":{"method":"getTopParticipantsData","v":"1.0","api_key":"@{variables('api_key')}","response_format":"json","fr_id":"@variables('TeamRaiserID')"}}},"Parse_JSON-getTopParticipantsData":{"runAfter":{"HTTP-getTopParticipantsData":["Succeeded"]},"type":"ParseJson","inputs":{"content":"@body('HTTP-getTopParticipantsData')","schema":{"type":"object","properties":{"getTopParticipantsDataResponse":{"type":"object","properties":{"teamraiserData":{"type":"array","items":{"type":"object","properties":{"total":{"type":"string"},"name":{"type":"string"},"id":{"type":"string"}},"required":["total","name","id"]}}}}}}}},"Create_HTML_table-getTopParticipantsData":{"runAfter":{"Parse_JSON-getTopParticipantsData":["Succeeded"]},"type":"Table","inputs":{"from":"@body('Parse_JSON-getTopParticipantsData')?['getTopParticipantsDataResponse']?['teamraiserData']","format":"HTML","columns":[{"header":"Name","value":"@item()?['name']"},{"header":"Raised","value":"@item()?['total']"}]}},"Set_variable_-_Response_Message_-_With_TR":{"runAfter":{"Compose_-_General_Stats":["Succeeded"]},"type":"SetVariable","inputs":{"name":"ResponseMessage","value":"<div class=\"sky-subsection-heading\">General Stats</div>\n@{outputs('Compose_-_General_Stats')}<BR>\n<div class=\"sky-subsection-heading\">Top Participants</div>\n@{body('Create_HTML_table-getTopParticipantsData')}<BR>\n<div class=\"sky-subsection-heading\">Top Teams</div>\n@{body('Create_HTML_table-getTopTeamsData')}"}},"Create_HTML_table-getTopTeamsData":{"runAfter":{"Parse_JSON-getTopTeamsData":["Succeeded"]},"type":"Table","inputs":{"from":"@body('Parse_JSON-getTopTeamsData')?['getTopTeamsDataResponse']?['teamraiserData']","format":"HTML","columns":[{"header":"Name","value":"@item()?['name']"},{"header":"Raised","value":"@item()?['total']"}]}},"Parse_JSON-getTopTeamsData":{"runAfter":{"HTTP-getTopTeamsData":["Succeeded"]},"type":"ParseJson","inputs":{"content":"@body('HTTP-getTopTeamsData')","schema":{"type":"object","properties":{"getTopTeamsDataResponse":{"type":"object","properties":{"teamraiserData":{"type":"array","items":{"type":"object","properties":{"total":{"type":"string"},"name":{"type":"string"},"id":{"type":"string"}},"required":["total","name","id"]}}}}}}}},"HTTP-getTopTeamsData":{"runAfter":{"Create_HTML_table-getTopParticipantsData":["Succeeded"]},"type":"Http","inputs":{"method":"POST","uri":"@{variables('LOBaseURL')}/CRTeamraiserAPI","queries":{"method":"getTopTeamsData","v":"1.0","api_key":"@{variables('api_key')}","response_format":"json","fr_id":"@variables('TeamRaiserID')"}}},"HTTP_-_pseudoTeamRaiserAPI":{"runAfter":{"Create_HTML_table-getTopTeamsData":["Succeeded"]},"type":"Http","inputs":{"method":"GET","uri":"@{variables('LOBaseURL')}/SPageNavigator/pseudoTRAPI.html?pgwrap=n&fr_id=@{variables('TeamRaiserID')}","headers":{"Content-Type":"application/json"}}},"Parse_JSON_-_pseudoTeamRaiserAPI":{"runAfter":{"HTTP_-_pseudoTeamRaiserAPI":["Succeeded"]},"type":"ParseJson","inputs":{"content":"@body('HTTP_-_pseudoTeamRaiserAPI')","schema":{"type":"object","properties":{"teamraiserEventData":{"type":"object","properties":{"affiliate-type":{"type":"string"},"blueprint-bool":{"type":"string"},"campaign-id":{"type":"string"},"city":{"type":"string"},"classification":{"type":"string"},"classification2":{"type":"string"},"county":{"type":"string"},"country":{"type":"string"},"customized-url":{"type":"string"},"days-to-event":{"type":"string"},"dollars":{"type":"string"},"donations":{"type":"string"},"dsp-commitment":{"type":"string"},"dsp-initial-payment":{"type":"string"},"dsp-raised":{"type":"string"},"dsp-owed":{"type":"string"},"ecommerce-content":{"type":"string"},"emc-url":{"type":"string"},"event-date":{"type":"string"},"event-url":{"type":"string"},"fb-fundraising-enabled":{"type":"string"},"fb-fundraiser-end-date":{"type":"string"},"form-id":{"type":"string"},"fr-id":{"type":"string"},"goal":{"type":"string"},"lead-fr-id":{"type":"string"},"local-officemailing-address":{"type":"string"},"location-name":{"type":"string"},"num-active-badges":{"type":"string"},"num-donations":{"type":"string"},"num-donors":{"type":"string"},"num-participants":{"type":"string"},"num-teams":{"type":"string"},"participation-types-available":{"type":"string"},"prev-fr-bool":{"type":"string"},"prev-fr-id":{"type":"string"},"product-name":{"type":"string"},"public-event-type":{"type":"string"},"reg-fees":{"type":"string"},"registration-limit-type":{"type":"string"},"sec-cat":{"type":"string"},"state":{"type":"string"},"status":{"type":"string"},"store-name":{"type":"string"},"street":{"type":"string"},"tax-id":{"type":"string"},"title":{"type":"string"},"to-reach-goal":{"type":"string"},"type":{"type":"string"},"zip":{"type":"string"},"s42 references":{"type":"string"},"Notes":{"type":"string"}}}}}}},"Compose_-_General_Stats":{"runAfter":{"Parse_JSON_-_pseudoTeamRaiserAPI":["Succeeded"]},"type":"Compose","inputs":"<table>\n<thead>\n<TR><th>Stat</TH><TH>Value</TH></TR>\n</thead>\n<tbody>\n<TR><TD>Event URL</TD><TD><A HREF='@{body('Parse_JSON_-_pseudoTeamRaiserAPI')?['teamraiserEventData']?['event-url']}' target='_blank'>@{body('Parse_JSON_-_pseudoTeamRaiserAPI')?['teamraiserEventData']?['event-url']}</A></TD></TR>\n<TR><TD>Event Manager URL</TD><TD><A HREF='@{body('Parse_JSON_-_pseudoTeamRaiserAPI')?['teamraiserEventData']?['emc-url']}' target='_blank'>@{body('Parse_JSON_-_pseudoTeamRaiserAPI')?['teamraiserEventData']?['emc-url']}</A></TD></TR>\n<TR><TD>Goal</TD><TD>@{body('Parse_JSON_-_pseudoTeamRaiserAPI')?['teamraiserEventData']?['goal']}</TD></TR>\n<TR><TD>Total Donation Amount</TD><TD>@{body('Parse_JSON_-_pseudoTeamRaiserAPI')?['teamraiserEventData']?['donations']}</TD></TR>\n<TR><TD>Total Registration Amount</TD><TD>@{body('Parse_JSON_-_pseudoTeamRaiserAPI')?['teamraiserEventData']?['reg-fees']}</TD></TR>\n<TR><TD>Remainder to Goal</TD><TD>@{body('Parse_JSON_-_pseudoTeamRaiserAPI')?['teamraiserEventData']?['to-reach-goal']}</TD></TR>\n<TR><TD>Number Participants</TD><TD>@{body('Parse_JSON_-_pseudoTeamRaiserAPI')?['teamraiserEventData']?['num-participants']}</TD></TR>\n<TR><TD>Number Teams</TD><TD>@{body('Parse_JSON_-_pseudoTeamRaiserAPI')?['teamraiserEventData']?['num-teams']}</TD></TR>\n<TR><TD>Number Donors</TD><TD>@{body('Parse_JSON_-_pseudoTeamRaiserAPI')?['teamraiserEventData']?['num-donors']}</TD></TR>\n</tbody>\n</table>"}},"runAfter":{"Initialize_variable_-_LookupID":["Succeeded"]},"else":{"actions":{"Set_variable_-_Response_Message_-_Without_TR":{"runAfter":{},"type":"SetVariable","inputs":{"name":"ResponseMessage","value":"<div class=\"sky-emphasized\">No TeamRaiser is connected with this Event</div>"}}}},"expression":{"contains":["@variables('LookupID')","*"]},"type":"If","description":"Does the Lookup ID have the \"*\" Delimiter"},"Initialize_variable_-_TeamRaiserID":{"runAfter":{"STOP_HERE_-_NO_FURTHER_CHANGES_NEEDED":["Succeeded"]},"type":"InitializeVariable","inputs":{"variables":[{"name":"TeamRaiserID","type":"string"}]}},"Initialize_variable_-_Response_Message":{"runAfter":{"Initialize_variable_-_TeamRaiserID":["Succeeded"]},"type":"InitializeVariable","inputs":{"variables":[{"name":"ResponseMessage","type":"string"}]}},"Response":{"runAfter":{"Condition_-_Delimiter_Exists":["Succeeded"]},"type":"Response","kind":"Http","inputs":{"statusCode":200,"headers":{"Content-Type":"text/html","Content-Language":"en-US"},"body":"@variables('ResponseMessage')"}},"Response_-_Error":{"runAfter":{"Condition_-_Delimiter_Exists":["Failed","Skipped","TimedOut"]},"type":"Response","kind":"Http","inputs":{"statusCode":200,"headers":{"Content-Type":"text/html","Content-Language":"en-US"},"body":"<div class=\"sky-error-label\">An error has occured.  Ask a Power Automate Administrator to review the recent Flow run(s) for more information.  </div>"}},"Get_an_event":{"runAfter":{"Initialize_variable_-_Response_Message":["Succeeded"]},"type":"OpenApiConnection","inputs":{"host":{"apiId":"/providers/Microsoft.PowerApps/apis/shared_blackbaudraisersedge","connectionName":"shared_blackbaudraisersedge","operationId":"GetEvent"},"parameters":{"event_id":"@triggerOutputs()['queries']['SystemRecordId']\n"},"authentication":"@parameters('$authentication')"}},"STOP_HERE_-_NO_FURTHER_CHANGES_NEEDED":{"runAfter":{"Initialize_variable_-_LOBaseURL":["Succeeded"]},"type":"Compose","inputs":"[This Space For Rent]"}}},"connectionReferences":{"shared_blackbaudraisersedge":{"connectionName":"shared-blackbaudrais-3b65410c-4656-4d73-9b1d-b75fa1885479","source":"Embedded","id":"/providers/Microsoft.PowerApps/apis/shared_blackbaudraisersedge","tier":"NotSpecified"}},"flowFailureAlertSubscribed":false}}