{"name":"6c8ea029-47c3-4d3e-b203-78f136c742ef","id":"/providers/Microsoft.Flow/flows/6c8ea029-47c3-4d3e-b203-78f136c742ef","type":"Microsoft.Flow/flows","properties":{"apiId":"/providers/Microsoft.PowerApps/apis/shared_logicflows","displayName":"SKYAddIn-LOConstituentStats","definition":{"metadata":{"workflowEntityId":null,"processAdvisorMetadata":null,"flowclientsuspensionreason":"None","flowclientsuspensiontime":null,"creator":{"id":"f756b54d-1e20-4c1e-a5f6-009521a76ac1","type":"User","tenantId":"31fa3fc8-0d67-4b00-8f5a-3a9a69c281b8"},"provisioningMethod":"FromDefinition","failureAlertSubscription":true,"clientLastModifiedTime":"2021-09-08T10:48:22.9334056Z"},"$schema":"https://schema.management.azure.com/providers/Microsoft.Logic/schemas/2016-06-01/workflowdefinition.json#","contentVersion":"1.0.0.0","parameters":{"$authentication":{"defaultValue":{},"type":"SecureObject"}},"staticResults":{"HTTP_-_getLoginUrl1":{"status":"Succeeded","outputs":{"statusCode":"OK","headers":{}}},"HTTP_-_CRgetUser2":{"status":"Succeeded","outputs":{"statusCode":"OK","headers":{}}}},"triggers":{"manual":{"type":"Request","kind":"Http","inputs":{"method":"GET"}}},"actions":{"Initialize_variable_-_LuminateURL":{"runAfter":{},"type":"InitializeVariable","inputs":{"variables":[{"name":"LuminateURL","type":"string"}]},"description":"https://secureX.convio.net/shortname  OR your LO custom address in the Value"},"HTTP_-_getLoginUrl":{"runAfter":{"Parse_JSON_-_Login_Response_Body":["Succeeded"]},"type":"Http","inputs":{"method":"POST","uri":"@{variables('LuminateURL')}/site/CRConsAPI","headers":{"Content-Type":"application/x-www-form-urlencoded; charset=UTF-8"},"queries":{"method":"getLoginUrl","api_key":"@variables('api_key')","v":"1.0","response_format":"json"},"cookie":"JSESSIONID=@{body('Parse_JSON_-_Login_Response_Body')?['loginResponse']?['JSESSIONID']}"},"runtimeConfiguration":{"staticResult":{"staticResultOptions":"Disabled","name":"HTTP_-_getLoginUrl1"}}},"HTTP_-_login":{"runAfter":{"Initialize_variable_-_ParticipantStatsResults":["Succeeded"]},"type":"Http","inputs":{"method":"POST","uri":"@{variables('LuminateURL')}/site/CRConsAPI","queries":{"method":"login","api_key":"@variables('api_key')","v":"1.0","user_name":"@variables('LuminateUserLogin')","password":"@variables('LuminateUserPassword')","response_format":"json"}},"runtimeConfiguration":{"staticResult":{"staticResultOptions":"Disabled","name":"HTTP_-_CRgetUser2"}}},"Parse_JSON_-_Login_Response_Body":{"runAfter":{"Parse_JSON_-_Login_Response_Header":["Succeeded"]},"type":"ParseJson","inputs":{"content":"@body('HTTP_-_login')","schema":{"type":"object","properties":{"loginResponse":{"type":"object","properties":{"signature":{"type":"string"},"JSESSIONID":{"type":"string"},"routing_id":{"type":"string"},"nonce":{"type":"string"},"cons_id":{"type":"string"},"timestamp":{"type":"string"},"token":{"type":"string"}}}}}}},"Parse_JSON_-_Login_Response_Header":{"runAfter":{"HTTP_-_login":["Succeeded"]},"type":"ParseJson","inputs":{"content":"@outputs('HTTP_-_login')['headers']","schema":{"type":"object","properties":{"Pragma":{"type":"string"},"Cache-Control":{"type":"string"},"Date":{"type":"string"},"Set-Cookie":{"type":"string"},"Server":{"type":"string"},"Content-Security-Policy":{"type":"string"},"X-Frame-Options":{"type":"string"},"Cteonnt-Length":{"type":"string"},"Keep-Alive":{"type":"string"},"Connection":{"type":"string"},"Content-Type":{"type":"string"},"Content-Length":{"type":"string"}}}}},"HTTP_-_getUser":{"runAfter":{"Parse_JSON_-getLoginUrlBody":["Succeeded"]},"type":"Http","inputs":{"method":"POST","uri":"@body('Parse_JSON_-getLoginUrlBody')?['getLoginUrlResponse']?['url']","headers":{"Content-Type":"application/x-www-form-urlencoded"},"queries":{"method":"getUser","api_key":"@variables('api_key')","v":"1.0","response_format":"json","auth":"@body('Parse_JSON_-getLoginUrlBody')?['getLoginUrlResponse']?['token']","member_id":"@variables('MemberID')"},"cookie":"JSESSIONID=@{body('Parse_JSON_-getLoginUrlBody')?['getLoginUrlResponse']?['JSESSIONID']}"},"runtimeConfiguration":{"staticResult":{"staticResultOptions":"Disabled","name":"HTTP_-_CRgetUser2"}}},"Parse_JSON_-getLoginUrlBody":{"runAfter":{"Parse_JSON_-_getLoginURLHeader":["Succeeded"]},"type":"ParseJson","inputs":{"content":"@body('HTTP_-_getLoginUrl')","schema":{"type":"object","properties":{"getLoginUrlResponse":{"type":"object","properties":{"JSESSIONID":{"type":"string"},"routing_id":{"type":"string"},"url":{"type":"string"},"token":{"type":"string"}}}}}}},"Parse_JSON_-_getLoginURLHeader":{"runAfter":{"HTTP_-_getLoginUrl":["Succeeded"]},"type":"ParseJson","inputs":{"content":"@outputs('HTTP_-_getLoginUrl')['headers']","schema":{"type":"object","properties":{"Pragma":{"type":"string"},"Cache-Control":{"type":"string"},"Date":{"type":"string"},"Set-Cookie":{"type":"string"},"Server":{"type":"string"},"Content-Security-Policy":{"type":"string"},"X-Frame-Options":{"type":"string"},"Cteonnt-Length":{"type":"string"},"Content-Type":{"type":"string"},"Content-Length":{"type":"string"}}}}},"HTTP_-_getUserInterests":{"runAfter":{"Compose_-_getusername":["Succeeded"]},"type":"Http","inputs":{"method":"POST","uri":"@body('Parse_JSON_-getLoginUrlBody')?['getLoginUrlResponse']?['url']","headers":{"Content-Type":"application/x-www-form-urlencoded"},"queries":{"method":"getUserInterests","api_key":"@variables('api_key')","v":"1.0","response_format":"json","auth":"@body('Parse_JSON_-getLoginUrlBody')?['getLoginUrlResponse']?['token']","member_id":"@variables('MemberID')"},"cookie":"JSESSIONID=@{body('Parse_JSON_-getLoginUrlBody')?['getLoginUrlResponse']?['JSESSIONID']}"},"runtimeConfiguration":{"staticResult":{"staticResultOptions":"Disabled","name":"HTTP_-_CRgetUser2"}}},"Parse_JSON_-_getUser":{"runAfter":{"Compose_-getUserOrigSchema":["Succeeded"]},"type":"ParseJson","inputs":{"content":"@body('HTTP_-_getUser')","schema":{"type":"object","properties":{"getConsResponse":{"type":"object","properties":{"preferred_locale":{},"deceased":{},"gender":{},"ethnicity":{},"user_name":{},"origin":{},"birth_date":{},"primary_address":{"type":["object","null"],"properties":{"zip":{},"country":{},"city":{},"street1":{},"street2":{},"state":{}}},"accepts_postal_mail":{},"districts":{"type":["object","null"],"properties":{"cong_dist_id":{},"home_county_override":{},"state_senate_dist_id_override":{},"state_house_dist_id":{},"state_senate_dist_id":{},"cong_dist_id_override":{},"state_house_dist_id_override":{},"home_county":{}}},"work_phone":{},"sig_other":{"type":"object","properties":{"place_of_birth":{},"maiden_name":{},"home_web_page":{},"work_web_page":{},"alumnus":{},"gender":{},"name":{"type":["object","null"],"properties":{"middle":{},"prof_suffix":{},"last":{},"title":{},"suffix":{},"first":{}}},"nickname":{}}},"origin_source":{},"matched_donor":{},"exchange_id":{},"mobile_phone":{},"nickname":{},"salutation_formal":{},"email":{"type":"object","properties":{"hard_bounce_count":{},"secondary_address":{},"preferred_format":{},"primary_address":{},"accepts_email":{},"status":{}}},"cons_id":{},"member_id":{},"maiden_name":{},"home_phone":{},"origin_subsource":{},"donor_status":{},"custom":{"type":"object","properties":{"number":{"type":"array","items":{"type":"object","properties":{"id":{}},"required":["id"]}},"string":{"type":"array","items":{"type":"object","properties":{"id":{}},"required":["id"]}},"monetary_amount":{"type":"array","items":{"type":"object","properties":{"id":{}},"required":["id"]}}}},"active":{"type":"object","properties":{"detail":{},"status":{}}},"employment":{"type":["object","null"],"properties":{"address":{"type":"object","properties":{"zip":{},"country":{},"street3":{},"city":{},"street1":{},"street2":{},"state":{}}},"occupation":{},"employer":{},"industry":{},"position":{},"status":{}}},"religion":{},"sustained_gift":{"type":"object","properties":{"monthly_amount":{},"status":{}}},"marital_status":{},"engagement_factors":{"type":"object","properties":{"factor":{"type":"array","items":{}}}},"tax_exempt_certificate":{},"schools":{"type":"object","properties":{"post_secondary":{"type":"object","properties":{"index":{}}}}},"alternate_address1":{},"home_fax":{},"name":{"type":"object","properties":{"middle":{},"prof_suffix":{},"last":{},"title":{},"suffix":{},"first":{}}},"salutation_casual":{}}}}}}},"HTTP_-_getUserGroups":{"runAfter":{"Condition_-_Are_There_Interests":["Succeeded"]},"type":"Http","inputs":{"method":"POST","uri":"@body('Parse_JSON_-getLoginUrlBody')?['getLoginUrlResponse']?['url']","headers":{"Content-Type":"application/x-www-form-urlencoded"},"queries":{"method":"getUserGroups","api_key":"@variables('api_key')","v":"1.0","response_format":"json","auth":"@body('Parse_JSON_-getLoginUrlBody')?['getLoginUrlResponse']?['token']","member_id":"@variables('MemberID')"},"cookie":"JSESSIONID=@{body('Parse_JSON_-getLoginUrlBody')?['getLoginUrlResponse']?['JSESSIONID']}"},"runtimeConfiguration":{"staticResult":{"staticResultOptions":"Disabled","name":"HTTP_-_CRgetUser2"}}},"HTTP_-_getUserInteractions":{"runAfter":{"Condition_-_Any_Groups":["Succeeded"]},"type":"Http","inputs":{"method":"POST","uri":"@body('Parse_JSON_-getLoginUrlBody')?['getLoginUrlResponse']?['url']","headers":{"Content-Type":"application/x-www-form-urlencoded"},"queries":{"method":"getUserInteractions","api_key":"@variables('api_key')","v":"1.0","response_format":"json","auth":"@body('Parse_JSON_-getLoginUrlBody')?['getLoginUrlResponse']?['token']","member_id":"@variables('MemberID')"},"cookie":"JSESSIONID=@{body('Parse_JSON_-getLoginUrlBody')?['getLoginUrlResponse']?['JSESSIONID']}"},"runtimeConfiguration":{"staticResult":{"staticResultOptions":"Disabled","name":"HTTP_-_CRgetUser2"}}},"Parse_JSON_-_getUserInteractions":{"runAfter":{"HTTP_-_getUserInteractions":["Succeeded"]},"type":"ParseJson","inputs":{"content":"@body('HTTP_-_getUserInteractions')","schema":{"type":"object","properties":{"getUserInteractionsResponse":{"type":"object","properties":{"interaction":{"type":"array","items":{"type":"object","properties":{"interactionId":{"type":"string"},"consId":{"type":"string"},"createdBy":{"type":"string"},"subject":{"type":"string"},"count":{"type":"string"},"interactionTypeId":{"type":"string"},"creationDate":{"type":"string"},"categoryId":{"type":"string"},"referenceId":{"type":"string"}},"required":["interactionId","consId","createdBy","subject","count","interactionTypeId","creationDate","categoryId","referenceId"]}}}}}}},"description":"See https://webfiles.blackbaud.com/files/support/helpfiles/luminate-online/help/luminateonline.html#../Subsystems/Setup/Content/Concepts/DefaultInteractions.html for Interaction Type Values"},"Filter_array_-_getUserInteractions_-_Action_Alert_Response":{"runAfter":{"Parse_JSON_-_getUserInteractions":["Succeeded"]},"type":"Query","inputs":{"from":"@body('Parse_JSON_-_getUserInteractions')?['getUserInteractionsResponse']?['interaction']","where":"@equals(int(item()?['interactionTypeId']), 22)"},"description":"Convert the interactionTypeId to integer and then compare. "},"HTTP_-_getRegisteredTeamRaisers":{"runAfter":{"Condition_-_Are_There_Advocacy_Responses":["Succeeded"]},"type":"Http","inputs":{"method":"POST","uri":"@{variables('LuminateURL')}/site/CRTeamraiserAPI","headers":{"Content-Type":"application/x-www-form-urlencoded"},"queries":{"method":"getRegisteredTeamraisers","api_key":"@variables('api_key')","v":"1.0","response_format":"json","cons_id":"@body('Parse_JSON_-_getUser')?['getConsResponse']?['cons_id']"}},"runtimeConfiguration":{"staticResult":{"staticResultOptions":"Disabled","name":"HTTP_-_CRgetUser2"}}},"Condition_-_If_There_Are_TeamRaisers":{"actions":{"Parse_JSON_-_getRegisteredTeamRaisers":{"runAfter":{},"type":"ParseJson","inputs":{"content":"@body('HTTP_-_getRegisteredTeamRaisers')","schema":{"type":"object","properties":{"getRegisteredTeamraisersResponse":{"type":"object","properties":{"teamraiser":{"type":["object","array"],"properties":{"teamName":{"type":"string"},"street_address":{},"country":{},"city":{},"mailingAddrAttn":{},"county":{},"description":{"type":"string"},"accepting_donations":{"type":"string"},"donate_event_url":{"type":"string"},"event_date":{"type":"string"},"customized_url":{},"id":{"type":"string"},"state":{},"reg_new_team_url":{"type":"string"},"mail_state":{},"reg_indiv_url":{"type":"string"},"zip":{},"area":{},"find_url":{"type":"string"},"accepting_registrations":{"type":"string"},"greeting_url":{"type":"string"},"mail_street2":{},"mail_street1":{},"mail_city":{},"eventManageUrl":{},"mail_zip":{},"location_name":{},"ecommerce_event_url":{},"reg_join_team_url":{"type":"string"},"name":{"type":"string"},"public_event_type_name":{"type":"object","properties":{}},"region":{},"status":{"type":"string"},"teamPageUrl":{"type":"string"}}},"consId":{"type":"string"}}}}}}},"Condition_-_IsItAnArray":{"actions":{"Set_variable_-_Teamraisers_Untouched":{"runAfter":{},"type":"SetVariable","inputs":{"name":"RegisteredTeamRaisers","value":"@body('Parse_JSON_-_getRegisteredTeamRaisers')['getRegisteredTeamraisersResponse']?['teamraiser']"}}},"runAfter":{"Parse_JSON_-_getRegisteredTeamRaisers":["Succeeded"]},"else":{"actions":{"Set_variable_-_Teamraisers_converted":{"runAfter":{},"type":"SetVariable","inputs":{"name":"RegisteredTeamRaisers","value":["@body('Parse_JSON_-_getRegisteredTeamRaisers')['getRegisteredTeamraisersResponse']?['teamraiser']"]}}}},"expression":{"contains":["@string(body('Parse_JSON_-_getRegisteredTeamRaisers')['getRegisteredTeamraisersResponse']?['teamraiser'])","["]},"type":"If"},"Parse_JSON_-_RegisteredTeamraisers":{"runAfter":{"Condition_-_IsItAnArray":["Succeeded"]},"type":"ParseJson","inputs":{"content":"@variables('RegisteredTeamRaisers')","schema":{"type":"array","items":{"type":"object","properties":{"teamName":{"type":["string","null","object"]},"region":{"type":["string","null","object"]},"state":{"type":["string","null","object"]},"city":{"type":["string","null","object"]},"id":{"type":"string"},"reg_new_team_url":{"type":["string","null","object"]},"mail_state":{"type":["string","null","object"]},"area":{"type":["string","null","object"]},"eventManageUrl":{"type":["string","null","object"]},"description":{"type":["string","null","object"]},"name":{"type":["string","null","object"]},"mail_city":{"type":["string","null","object"]},"reg_indiv_url":{"type":["string","null","object"]},"ecommerce_event_url":{"type":["string","null","object"]},"public_event_type_name":{"type":["string","null","object"]},"zip":{"type":["string","null","object"]},"reg_join_team_url":{"type":["string","null","object"]},"location_name":{"type":["string","null","object"]},"status":{"type":["string","null","object"]},"customized_url":{"type":["string","null","object"]},"find_url":{"type":["string","null","object"]},"country":{"type":["string","null","object"]},"accepting_donations":{"type":["string","null","object"]},"donate_event_url":{"type":["string","null","object"]},"greeting_url":{"type":["string","null","object"]},"teamPageUrl":{"type":["string","null","object"]},"county":{"type":["string","null","object"]},"event_date":{"type":["string","null","object"]},"mail_zip":{"type":["string","null","object"]},"mailingAddrAttn":{"type":["string","null","object"]},"street_address":{"type":["string","null","object"]},"accepting_registrations":{"type":["string","null","object"]},"mail_street1":{"type":["string","null","object"]},"mail_street2":{"type":["string","null","object"]}},"required":["teamName","region","state","city","id","reg_new_team_url","mail_state","area","eventManageUrl","description","name","mail_city","reg_indiv_url","ecommerce_event_url","public_event_type_name","zip","reg_join_team_url","location_name","status","customized_url","find_url","country","accepting_donations","donate_event_url","greeting_url","teamPageUrl","county","event_date","mail_zip","mailingAddrAttn","street_address","accepting_registrations","mail_street1","mail_street2"]}}}},"Apply_to_each_-_RegisteredTeamRaisers":{"foreach":"@body('Parse_JSON_-_RegisteredTeamraisers')","actions":{"HTTP_-_getParticipantProgress":{"runAfter":{},"type":"Http","inputs":{"method":"POST","uri":"https://secure8.convio.net/longd2/site/CRTeamraiserAPI","headers":{"Content-Type":"application/x-www-form-urlencoded"},"queries":{"method":"getParticipantProgress","api_key":"api_secret_key","v":"1.0","response_format":"json","cons_id":"@{body('Parse_JSON_-_getUser')?['getConsResponse']?['cons_id']}","fr_id":"@items('Apply_to_each_-_RegisteredTeamRaisers')['id']"}}},"Parse_JSON_-_getParticipantProgressResponse":{"runAfter":{"HTTP_-_getParticipantProgress":["Succeeded"]},"type":"ParseJson","inputs":{"content":"@body('HTTP_-_getParticipantProgress')","schema":{"type":"object","properties":{"getParticipantProgressResponse":{"type":"object","properties":{"personalProgress":{"type":"object"},"teamProgress":{"type":["object","null"]},"daysLeft":{"type":"string"},"companyProgress":{"type":["object","null"]}}}}}}},"Append_to_array_variable_-_ParticipantStats":{"runAfter":{"Parse_JSON_-_getParticipantProgressResponse":["Succeeded"]},"type":"AppendToArrayVariable","inputs":{"name":"ParticipantStats","value":"@union(item(), body('Parse_JSON_-_getParticipantProgressResponse')?['getParticipantProgressResponse'])"}}},"runAfter":{"Parse_JSON_-_RegisteredTeamraisers":["Succeeded"]},"type":"Foreach"},"Create_HTML_table_-_ParticipantStats":{"runAfter":{"Apply_to_each_-_RegisteredTeamRaisers":["Succeeded"]},"type":"Table","inputs":{"from":"@variables('ParticipantStats')","format":"HTML","columns":[{"header":"Event^Name","value":"@item()?['name']"},{"header":"Personal^Goal","value":"@formatNumber(float(item()?['personalProgress']?['goal']), 'C2')"},{"header":"Personal^Raised","value":"@formatNumber(float(item()?['personalProgress']?['raised']), 'C2')"},{"header":"Personal^Percent","value":"@{item()?['personalProgress']?['percent']}%"},{"header":"Team^Name","value":"@if(empty(item()?['teamName']), 'NA', item()?['teamName'])"},{"header":"Team^Goal","value":"@if(empty(item()?['teamProgress']?['goal']),'NA',formatNumber(float(item()?['teamProgress']?['goal']), 'C2'))"},{"header":"Team^Raised","value":"@if(empty(item()?['teamProgress']?['raised']),'NA',formatNumber(float(item()?['teamProgress']?['raised']), 'C2'))"},{"header":"Team^Percent","value":"@{if(empty(item()['teamProgress']?['percent']),'NA', item()['teamProgress']?['percent'])}%"}]},"description":"Create HTML Tables doesn't let us do much with presentation.  Putting in \"^\" where I want a space: will remove that in the next step. "},"Set_variable_-_ParticipantStatsResults":{"runAfter":{"Create_HTML_table_-_ParticipantStats":["Succeeded"]},"type":"SetVariable","inputs":{"name":"ParticipantStatsResults","value":"@{replace(body('Create_HTML_table_-_ParticipantStats'),'^',' ')}"}}},"runAfter":{"HTTP_-_getRegisteredTeamRaisers":["Succeeded","Failed"]},"expression":{"equals":["@outputs('HTTP_-_getRegisteredTeamRaisers')['statusCode']",200]},"type":"If","description":"This is set to run on the success or fail of the getRegistered TeamRaisers.  If Status Code is 200, then there are TeamRaisers. "},"Initialize_variable_-_ParticipantStatsResults":{"runAfter":{"Initialize_variable_-_ParticipantStats":["Succeeded"]},"type":"InitializeVariable","inputs":{"variables":[{"name":"ParticipantStatsResults","type":"string","value":"This Constituent is not registered with any TeamRaisers. "}]},"description":"Default note about TR participation.  If there is participation, it will be overridden during \"If There Are TeamRaisers\". "},"Compose_-_ConstituentStats":{"runAfter":{"Condition_-_If_There_Are_TeamRaisers":["Succeeded"]},"type":"Compose","inputs":"<div class=\"sky-subsection-heading\">Interests</div>\n@{variables('getUserInterestsResponse')}<BR>\n<div class=\"sky-subsection-heading\">Groups</div>\n@{variables('getUserGroupsResponse')}<BR>\n<div class=\"sky-subsection-heading\">Advocacy Responses</div>\n@{variables('AdvocacyResponses')}<BR>\n<div class=\"sky-subsection-heading\">TeamRaiser Participation</div>\n@{variables('ParticipantStatsResults')}"},"Initialize_variable_-_Luminate_APIKey":{"runAfter":{"Initialize_variable_-_LuminateURL":["Succeeded"]},"type":"InitializeVariable","inputs":{"variables":[{"name":"api_key","type":"string"}]},"description":"YOUR Luminate API Key in the Value "},"Initialize_variable_-_Luminate_User_Login":{"runAfter":{"Initialize_variable_-_Luminate_APIKey":["Succeeded"]},"type":"InitializeVariable","inputs":{"variables":[{"name":"LuminateUserLogin","type":"string"}]},"description":"Designated Luminate Login Username in the Value Box (Do NOT use your own, create a dedicated one, and NOT a special API login)"},"Initialize_variable_-_Luminate_User_Password":{"runAfter":{"Initialize_variable_-_Luminate_User_Login":["Succeeded"]},"type":"InitializeVariable","inputs":{"variables":[{"name":"LuminateUserPassword","type":"string"}]},"description":"Password of above user in the Value box. "},"Initialize_variable_-_MemberID":{"runAfter":{"STOP_HERE,_NOTHING_FURTHER_NEEDS_CHANGING":["Succeeded"]},"type":"InitializeVariable","inputs":{"variables":[{"name":"MemberID","type":"string","value":"@{triggerOutputs()['queries']['SystemRecordId']}"}]},"description":"The LO MemberID is the RENXT SystemRecord ID passed from the HTTP Call Trigger"},"Response":{"runAfter":{"Compose_-_ConstituentStats":["Succeeded"]},"type":"Response","kind":"Http","inputs":{"statusCode":200,"headers":{"Content-Type":"text/html","Content-Language":"en-US"},"body":"@outputs('Compose_-_ConstituentStats')"}},"Compose_-getUserOrigSchema":{"runAfter":{"HTTP_-_getUser":["Succeeded"]},"type":"Compose","inputs":{"type":"object","properties":{"getConsResponse":{"type":"object","properties":{"preferred_locale":{},"deceased":{"type":"string"},"gender":{"type":"string"},"ethnicity":{},"user_name":{"type":"string"},"origin":{},"birth_date":{"type":"string"},"primary_address":{"type":"object","properties":{"zip":{"type":"string"},"country":{"type":"string"},"city":{"type":"string"},"street1":{"type":"string"},"street2":{},"state":{"type":"string"}}},"accepts_postal_mail":{"type":"string"},"districts":{"type":"object","properties":{"cong_dist_id":{"type":["string","null"]},"home_county_override":{},"state_senate_dist_id_override":{},"state_house_dist_id":{"type":"string"},"state_senate_dist_id":{"type":"string"},"cong_dist_id_override":{},"state_house_dist_id_override":{},"home_county":{"type":"string"}}},"work_phone":{},"sig_other":{"type":"object","properties":{"place_of_birth":{},"maiden_name":{},"home_web_page":{},"work_web_page":{},"alumnus":{"type":"string"},"gender":{"type":"string"},"name":{"type":"object","properties":{"middle":{},"prof_suffix":{},"last":{"type":"string"},"title":{"type":"string"},"suffix":{},"first":{"type":"string"}}},"nickname":{}}},"origin_source":{},"matched_donor":{"type":"string"},"exchange_id":{"type":"string"},"mobile_phone":{"type":"string"},"nickname":{"type":"string"},"salutation_formal":{"type":"string"},"email":{"type":"object","properties":{"hard_bounce_count":{"type":"string"},"secondary_address":{},"preferred_format":{"type":"string"},"primary_address":{"type":"string"},"accepts_email":{"type":"string"},"status":{"type":"string"}}},"cons_id":{"type":"string"},"member_id":{"type":"string"},"maiden_name":{},"home_phone":{"type":"string"},"origin_subsource":{},"donor_status":{"type":"string"},"custom":{"type":"object","properties":{"number":{"type":"array","items":{"type":"object","properties":{"id":{"type":"string"}},"required":["id"]}},"string":{"type":"array","items":{"type":"object","properties":{"id":{"type":"string"}},"required":["id"]}},"monetary_amount":{"type":"array","items":{"type":"object","properties":{"id":{"type":"string"}},"required":["id"]}}}},"active":{"type":"object","properties":{"detail":{"type":"string"},"status":{"type":"string"}}},"employment":{"type":"object","properties":{"address":{"type":"object","properties":{"zip":{"type":"string"},"country":{"type":"string"},"street3":{},"city":{"type":"string"},"street1":{"type":"string"},"street2":{},"state":{"type":"string"}}},"occupation":{},"employer":{"type":"string"},"industry":{},"position":{"type":"string"},"status":{}}},"religion":{"type":"string"},"sustained_gift":{"type":"object","properties":{"monthly_amount":{"type":"string"},"status":{"type":"string"}}},"marital_status":{"type":"string"},"engagement_factors":{"type":"object","properties":{"factor":{"type":"array","items":{}}}},"tax_exempt_certificate":{},"schools":{"type":"object","properties":{"post_secondary":{"type":"object","properties":{"index":{"type":"string"}}}}},"alternate_address1":{},"home_fax":{},"name":{"type":"object","properties":{"middle":{},"prof_suffix":{},"last":{"type":"string"},"title":{"type":"string"},"suffix":{},"first":{"type":"string"}}},"salutation_casual":{"type":"string"}}}}}},"Compose_-_getusername":{"runAfter":{"Parse_JSON_-_getUser":["Succeeded"]},"type":"Compose","inputs":"@body('Parse_JSON_-_getUser')?['getConsResponse']?['user_name']"},"Initialize_variable_-_getUserInterestsResponse":{"runAfter":{"Initialize_variable_-_MemberID":["Succeeded"]},"type":"InitializeVariable","inputs":{"variables":[{"name":"getUserInterestsResponse","type":"string","value":"This constituent has no interests. "}]},"description":"Initialize where we're catching getUserInterests.  Defaulting to \"none\" unless it gets filled in later. "},"Condition_-_Are_There_Interests":{"actions":{"Parse_JSON_-_getUserInterests":{"runAfter":{},"type":"ParseJson","inputs":{"content":"@body('HTTP_-_getUserInterests')","schema":{"type":"object","properties":{"getConsInterestsResponse":{"type":"object","properties":{"interest":{"type":"array","items":{"type":"object","properties":{"path":{"type":"string"},"parent":{"type":"string"},"for_web":{"type":"string"},"description":{"type":"object","properties":{}},"id":{"type":"string"},"label":{"type":"string"},"for_email":{"type":"string"}}}}}}}}}},"Create_HTML_table_-_getUserInterests":{"runAfter":{"Parse_JSON_-_getUserInterests":["Succeeded"]},"type":"Table","inputs":{"from":"@body('Parse_JSON_-_getUserInterests')?['getConsInterestsResponse']?['interest']","format":"HTML","columns":[{"header":"Parent","value":"@item()?['parent']"},{"header":"Topic","value":"@item()?['label']"},{"header":"ForEmail?","value":"@item()?['for_email']"},{"header":"ForWeb?","value":"@item()?['for_web']"}]}},"Set_variable_-_getUserInterestsResponse":{"runAfter":{"Create_HTML_table_-_getUserInterests":["Succeeded"]},"type":"SetVariable","inputs":{"name":"getUserInterestsResponse","value":"@body('Create_HTML_table_-_getUserInterests')"}}},"runAfter":{"HTTP_-_getUserInterests":["Succeeded"]},"expression":{"greater":["@length(body('HTTP_-_getUserInterests'))",32]},"type":"If","description":"Body length <=32 means no interests. "},"Condition_-_Any_Groups":{"actions":{"Parse_JSON_-_getUserGroups":{"runAfter":{},"type":"ParseJson","inputs":{"content":"@body('HTTP_-_getUserGroups')","schema":{"type":"object","properties":{"getConsGroupsResponse":{"type":"object","properties":{"group":{"type":"array","items":{"type":"object","properties":{"id":{"type":"string"},"label":{"type":"string"}},"required":["id","label"]}}}}}}}},"Create_HTML_table_-_getUserGroups":{"runAfter":{"Parse_JSON_-_getUserGroups":["Succeeded"]},"type":"Table","inputs":{"from":"@body('Parse_JSON_-_getUserGroups')?['getConsGroupsResponse']?['group']","format":"HTML","columns":[{"header":"Name","value":"@item()?['label']"},{"header":"ID","value":"@item()?['id']"}]}},"Set_variable_-_getUserGroupsResponse":{"runAfter":{"Create_HTML_table_-_getUserGroups":["Succeeded"]},"type":"SetVariable","inputs":{"name":"getUserGroupsResponse","value":"@body('Create_HTML_table_-_getUserGroups')"}}},"runAfter":{"HTTP_-_getUserGroups":["Succeeded"]},"expression":{"greater":["@length(body('HTTP_-_getUserGroups'))",29]},"type":"If","description":"Body length 29 or less means no user groups. "},"Initialize_variable_-_getUserGroupsResponse":{"runAfter":{"Initialize_variable_-_getUserInterestsResponse":["Succeeded"]},"type":"InitializeVariable","inputs":{"variables":[{"name":"getUserGroupsResponse","type":"string","value":"This constituent is not in any groups. "}]},"description":"Initialize where we're catching getUserGroups.  Defaulting to \"none\" unless it gets filled in later. "},"Initialize_variable_-_RegisteredTeamRaisers":{"runAfter":{"Initialize_variable_-_AdvocacyResponses":["Succeeded"]},"type":"InitializeVariable","inputs":{"variables":[{"name":"RegisteredTeamRaisers","type":"array"}]}},"Initialize_variable_-_ParticipantStats":{"runAfter":{"Initialize_variable_-_RegisteredTeamRaisers":["Succeeded"]},"type":"InitializeVariable","inputs":{"variables":[{"name":"ParticipantStats","type":"array"}]}},"Initialize_variable_-_AdvocacyResponses":{"runAfter":{"Initialize_variable_-_getUserGroupsResponse":["Succeeded"]},"type":"InitializeVariable","inputs":{"variables":[{"name":"AdvocacyResponses","type":"string","value":"This constituent has not responded to any Action Alerts."}]},"description":"Initialize where we're catching AdvocacyResponses.  Defaulting to \"none\" unless it gets filled in later. "},"Condition_-_Are_There_Advocacy_Responses":{"actions":{"Create_HTML_table_-_getUserInteractions_-_Action_Alert_Response":{"runAfter":{},"type":"Table","inputs":{"from":"@body('Filter_array_-_getUserInteractions_-_Action_Alert_Response')","format":"HTML","columns":[{"header":"Subject","value":"@item()?['subject']"},{"header":"Date","value":"@formatDateTime(item()?['creationDate'],'f')"}]}},"Set_variable_-_Advocacy_Responses":{"runAfter":{"Create_HTML_table_-_getUserInteractions_-_Action_Alert_Response":["Succeeded"]},"type":"SetVariable","inputs":{"name":"AdvocacyResponses","value":"@body('Create_HTML_table_-_getUserInteractions_-_Action_Alert_Response')"}}},"runAfter":{"Filter_array_-_getUserInteractions_-_Action_Alert_Response":["Succeeded"]},"expression":{"greater":["@length(body('Filter_array_-_getUserInteractions_-_Action_Alert_Response'))",0]},"type":"If","description":"This actually returns an array, so we're looking for an array length greater than 0. "},"Response_-_Error":{"runAfter":{"Compose_-_ConstituentStats":["Failed","Skipped","TimedOut"]},"type":"Response","kind":"Http","inputs":{"statusCode":200,"headers":{"Content-Type":"text/html","Content-Language":"en-US"},"body":"<div class=\"sky-error-label\">An error has occured.  Ask a Power Automate Administrator to review the recent Flow run(s) for more information.  </div>"}},"STOP_HERE,_NOTHING_FURTHER_NEEDS_CHANGING":{"runAfter":{"Initialize_variable_-_Luminate_User_Password":["Succeeded"]},"type":"Compose","inputs":"[This space for rent]"}}},"connectionReferences":{},"flowFailureAlertSubscribed":false}}