{"name":"cb48fd76-4bd3-46fe-ade6-f9a38c1bab76","id":"/providers/Microsoft.Flow/flows/cb48fd76-4bd3-46fe-ade6-f9a38c1bab76","type":"Microsoft.Flow/flows","properties":{"apiId":"/providers/Microsoft.PowerApps/apis/shared_logicflows","displayName":"Tribute eAcknowledgements-V1","definition":{"metadata":{"workflowEntityId":null,"processAdvisorMetadata":null,"flowChargedByPaygo":null,"flowclientsuspensionreason":"None","flowclientsuspensiontime":null,"flowclientsuspensionreasondetails":null,"creator":{"id":"f756b54d-1e20-4c1e-a5f6-009521a76ac1","type":"User","tenantId":"31fa3fc8-0d67-4b00-8f5a-3a9a69c281b8"},"provisioningMethod":"FromDefinition","failureAlertSubscription":true,"clientLastModifiedTime":"2024-08-23T01:53:28.921673Z","connectionKeySavedTimeKey":"2024-08-23T01:53:28.921673Z"},"$schema":"https://schema.management.azure.com/providers/Microsoft.Logic/schemas/2016-06-01/workflowdefinition.json#","contentVersion":"undefined","parameters":{"$connections":{"defaultValue":{},"type":"Object"},"$authentication":{"defaultValue":{},"type":"SecureObject"}},"triggers":{"manual":{"metadata":{"operationMetadataId":"d63834e3-f393-4838-8e03-c8d2801355e8"},"type":"Request","kind":"Button","inputs":{"schema":{"type":"object","properties":{},"required":[]}}}},"actions":{"Scope_-_GetQuery":{"actions":{"Send_an_HTTP_request_-_Execute_query":{"runAfter":{},"metadata":{"operationMetadataId":"1a90e77b-af80-4488-9e55-c8e8650c9bdf"},"type":"OpenApiConnection","inputs":{"host":{"apiId":"/providers/Microsoft.PowerApps/apis/shared_blackbaudskyaddins","connectionName":"shared_blackbaudskyaddins_1","operationId":"SendHttpRequest"},"parameters":{"body/method":"POST","body/path":"/query/queries/execute","body/query":{"product":"RE","module":"None"},"body/body":"{\n  \"query\": {\n    \"select_fields\": [\n      {\n        \"query_field_id\": 4572,\n        \"user_alias\": \"Donor Name\"\n      },\n      {\n        \"query_field_id\": 69540,\n        \"user_alias\": \"DonSysRecID\"\n      },\n      {\n        \"query_field_id\": 536,\n        \"user_alias\": \"Gift Date\"\n      },\n      {\n        \"query_field_id\": 649,\n        \"user_alias\": \"Gift Amount\"\n      },\n      {\n        \"query_field_id\": 539,\n        \"user_alias\": \"GiftSysRecID\"\n      }\n    ],\n    \"filter_fields\": [\n      {\n        \"query_field_id\": 13795,\n        \"compare_type\": \"None\",\n        \"filter_values\": [\n          true\n        ],\n        \"operator\": \"Equals\",\n        \"left_parenthesis\": false,\n        \"right_parenthesis\": false\n      },\n      {\n        \"query_field_id\": 533,\n        \"compare_type\": \"And\",\n        \"filter_values\": [\n          \"@{outputs('Compose_-_FormateDateTime')}\"\n        ],\n        \"operator\": \"GreaterThan\",\n        \"left_parenthesis\": false,\n        \"right_parenthesis\": false\n      }\n    ],\n    \"sort_fields\": [],\n    \"advanced_processing_options\": {\n      \"use_alternate_sql_code_table_fields\": false,\n      \"use_alternate_sql_multiple_attributes\": false\n    },\n    \"gift_processing_options\": {\n      \"soft_credit_option\": \"Donor\",\n      \"matching_gift_credit_option\": \"MatchingGiftCompany\",\n      \"use_gross_amount_for_covenants\": false\n    },\n    \"type_id\": 20,\n    \"suppress_duplicates\": false,\n    \"constituent_filters\": {\n      \"include_inactive\": true,\n      \"include_deceased\": true,\n      \"include_no_valid_addresses\": true\n    },\n    \"sql_generation_mode\": \"Export\"\n  },\n  \"ux_mode\": \"Asynchronous\",\n  \"output_format\": \"Json\",\n  \"formatting_mode\": \"UI\"\n}"},"authentication":"@parameters('$authentication')"}},"Parse_JSON_from_execute_query":{"runAfter":{"Send_an_HTTP_request_-_Execute_query":["Succeeded"]},"metadata":{"operationMetadataId":"4dc69c06-e2e3-4ed8-8cde-eb51895c2796"},"type":"ParseJson","inputs":{"content":"@body('Send_an_HTTP_request_-_Execute_query')","schema":{"type":"object","properties":{"id":{"type":"string"},"status":{"type":"string"}}}}},"Delay_-_InitialDelay":{"runAfter":{"Parse_JSON_from_execute_query":["Succeeded"]},"metadata":{"operationMetadataId":"1edc9c99-004b-4181-9b95-1b931fb5c5c3"},"type":"Wait","inputs":{"interval":{"count":1,"unit":"Second"}}},"Do_until_-_Query_execution_is_completed":{"actions":{"Parse_JSON_from_Get_query_job":{"runAfter":{"Send_an_HTTP_request_to_get_query_job":["Succeeded"]},"metadata":{"operationMetadataId":"691ad1ec-30c5-47ff-ad1b-c86ecc96ee52"},"type":"ParseJson","inputs":{"content":"@body('Send_an_HTTP_request_to_get_query_job')","schema":{"type":"object","properties":{"id":{"type":"string"},"status":{"type":"string"},"sas_uri":{"type":"string"}}}}},"Condition_-_IsQueryCompleted":{"actions":{"Set_variable_sasURI":{"runAfter":{},"metadata":{"operationMetadataId":"adb3c4f3-c64e-453f-9c10-de1d314bfad9"},"type":"SetVariable","inputs":{"name":"sasURI","value":"@body('Parse_JSON_from_Get_query_job')?['sas_uri']"}}},"runAfter":{"Parse_JSON_from_Get_query_job":["Succeeded"]},"else":{"actions":{"Delay_-_30Seconds":{"runAfter":{},"metadata":{"operationMetadataId":"109730a0-b499-403b-a24d-04da5112d5ae"},"type":"Wait","inputs":{"interval":{"count":30,"unit":"Second"}}}}},"expression":{"contains":["@body('Parse_JSON_from_Get_query_job')?['status']","Completed"]},"metadata":{"operationMetadataId":"38ab069b-f7c8-42d1-99a6-d073317b95cb"},"type":"If"},"Send_an_HTTP_request_to_get_query_job":{"runAfter":{},"metadata":{"operationMetadataId":"0a2e099e-aecc-45d0-a39c-85f7b70a66c8"},"type":"OpenApiConnection","inputs":{"host":{"apiId":"/providers/Microsoft.PowerApps/apis/shared_blackbaudskyaddins","connectionName":"shared_blackbaudskyaddins_1","operationId":"SendHttpRequest"},"parameters":{"body/method":"GET","body/path":"/query/jobs/@{body('Parse_JSON_from_execute_query')?['id']}","body/query":{"product":"RE","module":"None","include_read_url":"OnceCompleted"}},"authentication":"@parameters('$authentication')"}}},"runAfter":{"Delay_-_InitialDelay":["Succeeded"]},"expression":"@contains(variables('sasURI'), 'https')","limit":{"timeout":"PT15M"},"metadata":{"operationMetadataId":"672606f1-92f8-4660-be97-6f121bf343d3"},"type":"Until","description":"Timeout is set to 15 minutes.  If query takes longer than 15 minutes to run, update the Timeout paramater in the Change limits section."},"HTTP_-_Get_query_results":{"runAfter":{"Do_until_-_Query_execution_is_completed":["Succeeded"]},"metadata":{"operationMetadataId":"2c3552e8-98b1-4e51-9a0c-6e851e169889"},"type":"Http","inputs":{"method":"GET","uri":"@variables('sasURI')"}},"Compose_-_Results":{"runAfter":{"HTTP_-_Get_query_results":["Succeeded"]},"metadata":{"operationMetadataId":"cdffadb2-5fc1-499c-99ae-4788c140a7f2"},"type":"Compose","inputs":"@json(body('HTTP_-_Get_query_results'))"},"Parse_JSON_-_Results":{"runAfter":{"Compose_-_Results":["Succeeded"]},"metadata":{"operationMetadataId":"32e734b5-e2ce-4756-8090-d968dd91c9d2"},"type":"ParseJson","inputs":{"content":"@json(body('HTTP_-_Get_query_results'))","schema":{"type":"array","items":{"type":"object","properties":{"Donor Name":{"type":"string"},"DonSysRecID":{"type":"string"},"Gift Date":{"type":"string"},"Gift Amount":{"type":"string"},"GiftSysRecID":{"type":"string"},"Tributee Name":{"type":"string"},"TributeeSysRecID":{"type":"string"},"Tribute Type":{"type":"string"},"Description":{"type":"string"}},"required":["Donor Name","DonSysRecID","Gift Date","Gift Amount","GiftSysRecID"]}}}}},"runAfter":{"Initialize_variable__sasURI":["Succeeded"]},"metadata":{"operationMetadataId":"701f50c5-dcee-4b25-b0e9-96b6f9e7e654"},"type":"Scope"},"Initialize_variable__sasURI":{"runAfter":{"Compose_-_FormateDateTime":["Succeeded"]},"metadata":{"operationMetadataId":"61151370-4467-433b-9957-2e57f716111f"},"type":"InitializeVariable","inputs":{"variables":[{"name":"sasURI","type":"string"}]}},"Apply_to_each_-_Gifts":{"foreach":"@body('Parse_JSON_-_Results')","actions":{"Get_a_gift":{"runAfter":{},"metadata":{"operationMetadataId":"5a2f934d-168c-4897-8991-5fb2abcf9a07"},"type":"OpenApiConnection","inputs":{"host":{"apiId":"/providers/Microsoft.PowerApps/apis/shared_blackbaudgifts","connectionName":"shared_blackbaudgifts","operationId":"GetGift"},"parameters":{"gift_id":"@items('Apply_to_each_-_Gifts')['GiftSysRecID']"},"authentication":{"value":"@json(decodeBase64(triggerOutputs().headers['X-MS-APIM-Tokens']))['$ConnectionKey']","type":"Raw"}}},"Get_a_constituent_-_Donor":{"runAfter":{"Get_a_gift":["Succeeded"]},"metadata":{"operationMetadataId":"9387f39d-ddb5-49ee-b24c-848cc5cece70"},"type":"OpenApiConnection","inputs":{"host":{"apiId":"/providers/Microsoft.PowerApps/apis/shared_blackbaudconstituent","connectionName":"shared_blackbaudconstituent","operationId":"GetConstituent"},"parameters":{"constituent_id":"@outputs('Get_a_gift')?['body/constituent_id']"},"authentication":{"value":"@json(decodeBase64(triggerOutputs().headers['X-MS-APIM-Tokens']))['$ConnectionKey']","type":"Raw"}}},"List_gift_tributes":{"runAfter":{"Get_a_constituent_-_Donor":["Succeeded"]},"metadata":{"operationMetadataId":"3b7fc925-e5ea-4366-9510-6d7f290bfb5b"},"type":"OpenApiConnection","inputs":{"host":{"apiId":"/providers/Microsoft.PowerApps/apis/shared_blackbaudgifts","connectionName":"shared_blackbaudgifts","operationId":"ListGiftTributes"},"parameters":{"gift_id":"@int(outputs('Get_a_gift')?['body/id'])"},"authentication":{"value":"@json(decodeBase64(triggerOutputs().headers['X-MS-APIM-Tokens']))['$ConnectionKey']","type":"Raw"}}},"Apply_to_each_-_GiftTributes":{"foreach":"@outputs('List_gift_tributes')?['body/value']","actions":{"Get_a_constituent_tribute":{"runAfter":{},"metadata":{"operationMetadataId":"c085115d-607c-475b-be62-961abdb1e182"},"type":"OpenApiConnection","inputs":{"host":{"apiId":"/providers/Microsoft.PowerApps/apis/shared_blackbaudconstituent","connectionName":"shared_blackbaudconstituent","operationId":"GetConstituentTribute"},"parameters":{"tribute_id":"@items('Apply_to_each_-_GiftTributes')?['tribute_id']"},"authentication":{"value":"@json(decodeBase64(triggerOutputs().headers['X-MS-APIM-Tokens']))['$ConnectionKey']","type":"Raw"}}},"List_gift_tribute_acknowledgees":{"runAfter":{"Get_a_constituent_-_Tributee":["Succeeded"]},"metadata":{"operationMetadataId":"8b365347-ffa8-482e-b1bb-c05f206fbb6f"},"type":"OpenApiConnection","inputs":{"host":{"apiId":"/providers/Microsoft.PowerApps/apis/shared_blackbaudgifts","connectionName":"shared_blackbaudgifts","operationId":"ListGiftTributeAcknowledgees"},"parameters":{"gift_tribute_id":"@item()?['id']"},"authentication":{"value":"@json(decodeBase64(triggerOutputs().headers['X-MS-APIM-Tokens']))['$ConnectionKey']","type":"Raw"}}},"Apply_to_each_-_TributeAcknowledgees":{"foreach":"@outputs('List_gift_tribute_acknowledgees')?['body/value']","actions":{"Compose_-_SelfAcknowledge":{"runAfter":{},"metadata":{"operationMetadataId":"8f1756b6-5e94-4039-bf7d-64c177867d14"},"type":"Compose","inputs":"@items('Apply_to_each_-_TributeAcknowledgees')?['self_acknowledge']"},"Condition_-_SelfAcknowledge":{"actions":{"Condition_-_TributeeEmail":{"actions":{"Compose_-_Subject_-_Self":{"runAfter":{},"metadata":{"operationMetadataId":"961d4748-e686-4dfc-b54e-a3dee9568933"},"type":"Compose","inputs":"A Donation has been given on your behalf. "},"Compose_-_Body_-_Self":{"runAfter":{"Compose_-_Subject_-_Self":["Succeeded"]},"metadata":{"operationMetadataId":"02f80f36-ca5b-4da1-955c-893f1b104c90"},"type":"Compose","inputs":"Dear @{outputs('Get_a_constituent_-_Tributee')?['body/name']}, <BR>\n<BR>\n@{outputs('Get_a_constituent_-_Donor')?['body/name']} has given donation of @{formatNumber(outputs('Get_a_gift')?['body/amount/value'], 'C')} to our organization @{outputs('Get_a_constituent_tribute')?['body/tribute_type_name']} you.  <BR>\n<BR>\nAdditional details (if applicable):<BR>\n@{outputs('Get_a_constituent_tribute')?['body/description']}<BR>\n<BR>\nRegards, <BR>\nOur Organization"},"Compose_-_ADD_EMAIL_ACTION_HERE_-_Self":{"runAfter":{"Compose_-_Body_-_Self":["Succeeded"]},"metadata":{"operationMetadataId":"24abad55-72f2-44ee-9f58-a03eb170616e"},"type":"Compose","inputs":"To have the desired outcome of this flow, you must add an email action from either the Outlook, Gmail, or similar connector.  You can use the \"Subject\" and \"Body\" compose actions above as a starting place. "}},"runAfter":{},"expression":{"not":{"equals":["@outputs('Get_a_constituent_-_Tributee')?['body/email/address']","@null"]}},"metadata":{"operationMetadataId":"0e15909b-06dc-454f-8156-615e26747859"},"type":"If","description":"In the case the Tributee is also an Acknowledgee, do they have a primary email address?"}},"runAfter":{"Compose_-_SelfAcknowledge":["Succeeded"]},"else":{"actions":{"Send_an_HTTP_request_-_GetConstituentRelationship":{"runAfter":{},"metadata":{"operationMetadataId":"a2953191-b5bb-4a70-8160-3c4719c41ce2"},"type":"OpenApiConnection","inputs":{"host":{"apiId":"/providers/Microsoft.PowerApps/apis/shared_blackbaudskyaddins","connectionName":"shared_blackbaudskyaddins_1","operationId":"SendHttpRequest"},"parameters":{"body/method":"GET","body/path":"/constituent/v1/constituents/relationships/@{items('Apply_to_each_-_TributeAcknowledgees')?['relationships_id']}"},"authentication":"@parameters('$authentication')"},"description":"At time of creation, there is a connector action to get a list of relationships, but not a specific one. "},"Get_a_constituent_-_RelationshipAcknowledgee":{"runAfter":{"Send_an_HTTP_request_-_GetConstituentRelationship":["Succeeded"]},"metadata":{"operationMetadataId":"78455e26-d67e-44b4-a20f-5174564ed771"},"type":"OpenApiConnection","inputs":{"host":{"apiId":"/providers/Microsoft.PowerApps/apis/shared_blackbaudconstituent","connectionName":"shared_blackbaudconstituent","operationId":"GetConstituent"},"parameters":{"constituent_id":"@outputs('Send_an_HTTP_request_-_GetConstituentRelationship')?['body']?['relation_id']"},"authentication":{"value":"@json(decodeBase64(triggerOutputs().headers['X-MS-APIM-Tokens']))['$ConnectionKey']","type":"Raw"}}},"Condition_-_AcknowledgeeEmail":{"actions":{"Compose_-_Subject_-_Relationship":{"runAfter":{},"metadata":{"operationMetadataId":"a592eeaa-cbfb-46bf-ab8b-c11b9c946f41"},"type":"Compose","inputs":"A Donation has been given on behalf of @{outputs('Get_a_constituent_-_Tributee')?['body/name']}"},"Compose_-_Body_-_Relationship":{"runAfter":{"Compose_-_Subject_-_Relationship":["Succeeded"]},"metadata":{"operationMetadataId":"616532ea-1dc7-4769-8fcc-3035e2879ac6"},"type":"Compose","inputs":"Dear @{outputs('Get_a_constituent_-_RelationshipAcknowledgee')?['body/name']}, <BR>\n<BR>\n@{outputs('Get_a_constituent_-_Donor')?['body/name']} has given donation of @{formatNumber(outputs('Get_a_gift')?['body/amount/value'], 'C')} to our organization @{outputs('Get_a_constituent_tribute')?['body/tribute_type_name']} @{outputs('Get_a_constituent_-_Tributee')?['body/name']}.  <BR>\n<BR>\nAdditional details (if applicable):<BR>\n@{outputs('Get_a_constituent_tribute')?['body/description']}<BR>\n<BR>\nRegards, <BR>\nOur Organization"},"Compose_-_ADD_EMAIL_ACTION_HERE_-_Relationship":{"runAfter":{"Compose_-_Body_-_Relationship":["Succeeded"]},"metadata":{"operationMetadataId":"cc5608ab-60fd-44d0-97f6-718d7e4eadd9"},"type":"Compose","inputs":"To have the desired outcome of this flow, you must add an email action from either the Outlook, Gmail, or similar connector.  You can use the \"Subject\" and \"Body\" compose actions above as a starting place. "}},"runAfter":{"Get_a_constituent_-_RelationshipAcknowledgee":["Succeeded"]},"expression":{"not":{"equals":["@outputs('Get_a_constituent_-_RelationshipAcknowledgee')?['body/email/address']","@null"]}},"metadata":{"operationMetadataId":"3dcd9fd9-7503-470e-a701-e12eb7a32fe7"},"type":"If","description":"Does the Acknowledgee have a primary email address?"}}},"expression":{"equals":["@outputs('Compose_-_SelfAcknowledge')",true]},"metadata":{"operationMetadataId":"dcc1b1a9-b310-4268-b4e6-885c5d8dbb70"},"type":"If","description":"Is the acknowledgee also the tributee? Odd workaround as the direct 'true' wasn't evaluating correctly"}},"runAfter":{"List_gift_tribute_acknowledgees":["Succeeded"]},"metadata":{"operationMetadataId":"2bc28cc9-271e-4f3e-aa4f-c5d0e1dd466b"},"type":"Foreach"},"Get_a_constituent_-_Tributee":{"runAfter":{"Get_a_constituent_tribute":["Succeeded"]},"metadata":{"operationMetadataId":"506d3a49-6a1e-4840-ae9b-ff1ab22f514d"},"type":"OpenApiConnection","inputs":{"host":{"apiId":"/providers/Microsoft.PowerApps/apis/shared_blackbaudconstituent","connectionName":"shared_blackbaudconstituent","operationId":"GetConstituent"},"parameters":{"constituent_id":"@outputs('Get_a_constituent_tribute')?['body/constituent_record_id']"},"authentication":{"value":"@json(decodeBase64(triggerOutputs().headers['X-MS-APIM-Tokens']))['$ConnectionKey']","type":"Raw"}}}},"runAfter":{"List_gift_tributes":["Succeeded"]},"metadata":{"operationMetadataId":"b7957aad-4472-4b93-8d56-2080368ceaf9"},"type":"Foreach"}},"runAfter":{"Scope_-_GetQuery":["Succeeded"]},"metadata":{"operationMetadataId":"8099cc47-f2d4-490a-b4b1-00984b2e265e"},"type":"Foreach"},"Get_past_time":{"runAfter":{"README_-_ACTION_REQUIRED_-_OPEN_UP_THIS_PART_OF_THE_FLOW":["Succeeded"]},"metadata":{"operationMetadataId":"a34a7cfa-5016-4aab-9b65-e16f0115417e"},"type":"Expression","kind":"GetPastTime","inputs":{"interval":2,"timeUnit":"Day"},"description":"How far back do we want to look?"},"Compose_-_FormateDateTime":{"runAfter":{"Get_past_time":["Succeeded"]},"metadata":{"operationMetadataId":"14284ce3-1712-4f9f-abd2-b8c13fb80072"},"type":"Compose","inputs":"@formatDateTime(body('Get_past_time'),'d')"},"README_-_ACTION_REQUIRED_-_OPEN_UP_THIS_PART_OF_THE_FLOW":{"actions":{"SCOPE_OF_SUPPORT_-_README":{"runAfter":{},"metadata":{"operationMetadataId":"2a9fed97-d5c9-473a-acda-40392530b61a"},"type":"Compose","inputs":"This part of the flow has no impact on the output, but does have key information. \n* If you're new to working with Power Automate, or Blackabud related actions in Power Automate, see our Getting Started Guide at https://docs.blackbaud.com/microsoft-connectors-docs/microsoft-power-platform/getting-started\n\n* For instructions on how to setup this specific flow as well as support options available, see https://github.com/glenhutson/BlackbaudCustomizations/tree/main/Raiser's-Edge-NXT/Tribute%20eAcknowledgements\n\nIn order for this flow to work you MUST add email actions/connectors under the TributeeEmail and AcknowledgeeEmail conditions.  Example Subjects and Bodies are there and you can copy/paste those or use those a dynamic content in the relevent areas.  This is to avoid issues with importing.  \n\n* THE SOFTWARE IS PROVIDED \"AS IS\", WITHOUT WARRANTY OF ANY KIND, EXPRESS OR IMPLIED, INCLUDING BUT NOT LIMITED TO THE WARRANTIES OF MERCHANTABILITY, FITNESS FOR A PARTICULAR PURPOSE AND NONINFRINGEMENT. IN NO EVENT SHALL THE AUTHORS OR COPYRIGHT HOLDERS BE LIABLE FOR ANY CLAIM, DAMAGES OR OTHER LIABILITY, WHETHER IN AN ACTION OF CONTRACT, TORT OR OTHERWISE, ARISING FROM, OUT OF OR IN CONNECTION WITH THE SOFTWARE OR THE USE OR OTHER DEALINGS IN THE SOFTWARE.\n\n!!!!!!!!!! IMPORTANT !!!!!!!!!!\nOnce you have read and understand the above, remove the \"Terminate\" action immediately below to enable this flow.  "},"Terminate":{"runAfter":{"SCOPE_OF_SUPPORT_-_README":["Succeeded"]},"metadata":{"operationMetadataId":"7199c4aa-ea68-404a-970e-b9fa9e45e793"},"type":"Terminate","inputs":{"runStatus":"Failed","runError":{"message":"Please read the \"Scope of Support\" action and follow instructions.  "}}}},"runAfter":{},"metadata":{"operationMetadataId":"69426340-3c5a-4c1c-b6ad-b237c42a1561"},"type":"Scope"}},"description":"Uses Query API to pull in lists of Gifts w/Tributes, cycles through the tributes, with the goal of sending an eNotification to Acknowledgees.  To ease in importing, the final email steps are not included.  You MUST add an Outlook, Gmail, or other relevant mail connector."},"connectionReferences":{"shared_blackbaudskyaddins_1":{"connectionName":"shared-blackbaudskya-3001f339-4120-4bad-9981-962739c86649","source":"Embedded","id":"/providers/Microsoft.PowerApps/apis/shared_blackbaudskyaddins","tier":"NotSpecified"},"shared_blackbaudgifts":{"connectionName":"92e3a3ea112c4c6fb3e19544f360c6e3","source":"Invoker","id":"/providers/Microsoft.PowerApps/apis/shared_blackbaudgifts","tier":"NotSpecified"},"shared_blackbaudconstituent":{"connectionName":"shared-blackbaudcons-179ea828-1f39-4338-8ac4-05629a670a15","source":"Invoker","id":"/providers/Microsoft.PowerApps/apis/shared_blackbaudconstituent","tier":"NotSpecified"}},"flowFailureAlertSubscribed":false,"isManaged":false}}