{"name":"f7e16268-b9aa-45af-b5e1-6789e0d907c4","id":"/providers/Microsoft.Flow/flows/f7e16268-b9aa-45af-b5e1-6789e0d907c4","type":"Microsoft.Flow/flows","properties":{"apiId":"/providers/Microsoft.PowerApps/apis/shared_logicflows","displayName":"RENXT - Webhooks - Setup","definition":{"metadata":{"workflowEntityId":null,"processAdvisorMetadata":null,"flowChargedByPaygo":null,"flowclientsuspensionreason":"None","flowclientsuspensiontime":null,"flowclientsuspensionreasondetails":null,"creator":{"id":"f756b54d-1e20-4c1e-a5f6-009521a76ac1","type":"User","tenantId":"31fa3fc8-0d67-4b00-8f5a-3a9a69c281b8"},"provisioningMethod":"FromDefinition","failureAlertSubscription":true,"clientLastModifiedTime":"2023-05-30T11:59:11.2994134Z"},"$schema":"https://schema.management.azure.com/providers/Microsoft.Logic/schemas/2016-06-01/workflowdefinition.json#","contentVersion":"1.0.0.0","parameters":{"$connections":{"defaultValue":{},"type":"Object"},"$authentication":{"defaultValue":{},"type":"SecureObject"}},"triggers":{"manual":{"metadata":{"operationMetadataId":"9bb54171-331a-4998-8cc5-9f37e6e57f11"},"type":"Request","kind":"Button","inputs":{"schema":{"type":"object","properties":{},"required":[]}}}},"actions":{"Initialize_variable_-_ConstituentActionURL":{"runAfter":{},"metadata":{"operationMetadataId":"72040b5c-14a1-42c0-bb72-a50f8de146da"},"type":"InitializeVariable","inputs":{"variables":[{"name":"ConstituentActionURL","type":"string"}]},"description":"After activating the RENXT - Webhooks - ConstituentAction flow, copy and paste the \"When an HTTP Request is Received\" URL here. "},"Create_a_subscription_-_ConstituentActionAdd":{"runAfter":{"Initialize_variable_-_ConstituentActionURL":["Succeeded"]},"metadata":{"operationMetadataId":"c242c8c9-936f-40c8-b22f-875f7af3d871"},"type":"OpenApiConnection","inputs":{"host":{"apiId":"/providers/Microsoft.PowerApps/apis/shared_renxt-20webhooks-20-2d-20unofficial-5fe6c6a5c1c-fea421bf10184d48","connectionName":"shared_renxt-20webhooks-20-2d-20unofficial-5fe6c6a5c1c-fea421bf10184d48","operationId":"CreateSubscription"},"parameters":{"subscriptionRequest/webhook_url":"@variables('ConstituentActionURL')","subscriptionRequest/event_type":"com.blackbaud.constituent.action.add.v1"},"authentication":{"value":"@json(decodeBase64(triggerOutputs().headers['X-MS-APIM-Tokens']))['$ConnectionKey']","type":"Raw"}}},"Create_a_subscription_-_ConstituentActionChange":{"runAfter":{"Create_a_subscription_-_ConstituentActionAdd":["Succeeded"]},"metadata":{"operationMetadataId":"e63cbcd8-7020-42b8-8f74-1c62e6f8e07a"},"type":"OpenApiConnection","inputs":{"host":{"apiId":"/providers/Microsoft.PowerApps/apis/shared_renxt-20webhooks-20-2d-20unofficial-5fe6c6a5c1c-fea421bf10184d48","connectionName":"shared_renxt-20webhooks-20-2d-20unofficial-5fe6c6a5c1c-fea421bf10184d48","operationId":"CreateSubscription"},"parameters":{"subscriptionRequest/webhook_url":"@variables('ConstituentActionURL')","subscriptionRequest/event_type":"com.blackbaud.constituent.action.change.v1"},"authentication":{"value":"@json(decodeBase64(triggerOutputs().headers['X-MS-APIM-Tokens']))['$ConnectionKey']","type":"Raw"}}},"Get_subscription_list":{"runAfter":{"Delay":["Succeeded"]},"metadata":{"operationMetadataId":"f7e59073-2dbd-4f73-95ae-abff2ca63c8b"},"type":"OpenApiConnection","inputs":{"host":{"apiId":"/providers/Microsoft.PowerApps/apis/shared_renxt-20webhooks-20-2d-20unofficial-5fe6c6a5c1c-fea421bf10184d48","connectionName":"shared_renxt-20webhooks-20-2d-20unofficial-5fe6c6a5c1c-fea421bf10184d48","operationId":"GetSubscriptionList"},"parameters":{},"authentication":{"value":"@json(decodeBase64(triggerOutputs().headers['X-MS-APIM-Tokens']))['$ConnectionKey']","type":"Raw"}}},"Create_HTML_table":{"runAfter":{"Get_subscription_list":["Succeeded"]},"metadata":{"operationMetadataId":"f97fb0f1-cc5e-41b6-9986-79b21469b0cd"},"type":"Table","inputs":{"from":"@outputs('Get_subscription_list')?['body/value']","format":"HTML"}},"Delay":{"runAfter":{"Create_a_subscription_-_ConstituentActionChange":["Succeeded"]},"metadata":{"operationMetadataId":"8f17796e-dad8-4872-b84d-2b1383844186"},"type":"Wait","inputs":{"interval":{"count":10,"unit":"Second"}},"description":"If I immediately ask for a subscription list right after subscribing, it may not show them all.  Wait a few seconds. "}}},"connectionReferences":{"shared_renxt-20webhooks-20-2d-20unofficial-5fe6c6a5c1c-fea421bf10184d48":{"connectionName":"shared-renxt-20webho-4e9ef94c-e9ab-4ed1-8dd0-791808aaf22d","source":"Invoker","id":"/providers/Microsoft.PowerApps/apis/shared_renxt-20webhooks-20-2d-20unofficial-5fe6c6a5c1c-fea421bf10184d48","tier":"NotSpecified"}},"flowFailureAlertSubscribed":false,"isManaged":false}}