{"name":"307ef2d8-7d21-44dc-8ce9-a2075fabec56","id":"/providers/Microsoft.Flow/flows/307ef2d8-7d21-44dc-8ce9-a2075fabec56","type":"Microsoft.Flow/flows","properties":{"apiId":"/providers/Microsoft.PowerApps/apis/shared_logicflows","displayName":"AIO-FENXT-Vendor-Giving-V1","definition":{"metadata":{"workflowEntityId":null,"processAdvisorMetadata":null,"flowclientsuspensionreason":"None","flowclientsuspensiontime":null,"creator":{"id":"f756b54d-1e20-4c1e-a5f6-009521a76ac1","type":"User","tenantId":"31fa3fc8-0d67-4b00-8f5a-3a9a69c281b8"},"provisioningMethod":"FromDefinition","failureAlertSubscription":true,"clientLastModifiedTime":"2022-07-07T22:18:32.4062221Z"},"$schema":"https://schema.management.azure.com/providers/Microsoft.Logic/schemas/2016-06-01/workflowdefinition.json#","contentVersion":"1.0.0.0","parameters":{"$connections":{"defaultValue":{},"type":"Object"},"$authentication":{"defaultValue":{},"type":"SecureObject"}},"triggers":{"manual":{"metadata":{"operationMetadataId":"9d3a37af-1817-417c-8f09-29be3cc3acbf"},"type":"Request","kind":"Http","inputs":{"method":"GET"}}},"actions":{"Response":{"runAfter":{"Switch_-_Which_Function":["Succeeded"]},"metadata":{"operationMetadataId":"8bd91d37-a906-4233-baaa-9f8e838df5ce"},"type":"Response","kind":"Http","inputs":{"statusCode":"@variables('HTTPStatus')","headers":{"Content-Type":"text/html","Content-Language":"en-US"},"body":"@variables('Response')"}},"Initialize_variable_-_CSS":{"runAfter":{"Initialize_variable_-_HTTPStatus":["Succeeded"]},"metadata":{"operationMetadataId":"8426c62f-be29-4fc4-a066-a52bd0f1dab4"},"type":"InitializeVariable","inputs":{"variables":[{"name":"CSS","type":"string","value":"<style>\n    @font-face {\n        font-family: \"Blackbaud Sans\";\n        font-style: normal;\n        font-weight: 400;\n        src: url(\"https://sky.blackbaudcdn.net/skyux-fonts/1.0.1/blackbaud-sans.woff\") format(\"woff\");\n    }\n    \n    @font-face {\n        font-family: \"Blackbaud Sans\";\n        font-style: normal;\n        font-weight: 600;\n        src: url(\"https://sky.blackbaudcdn.net/skyux-fonts/1.0.1/blackbaud-sans-semi-bold.woff\") format(\"woff\");\n    }\n    \n    @font-face {\n        font-family: \"Blackbaud Sans\";\n        font-style: normal;\n        font-weight: 700;\n        src: url(\"https://sky.blackbaudcdn.net/skyux-fonts/1.0.1/blackbaud-sans-bold.woff\") format(\"woff\");\n    }\n    \n    @font-face {\n        font-family: \"Blackbaud Sans\";\n        font-style: italic;\n        font-weight: 400;\n        src: url(\"https://sky.blackbaudcdn.net/skyux-fonts/1.0.1/blackbaud-sans-italic.woff\") format(\"woff\");\n    }\n    \n    @font-face {\n        font-family: \"Blackbaud Sans\";\n        font-style: normal;\n        font-weight: 300;\n        src: url(\"https://sky.blackbaudcdn.net/skyux-fonts/1.0.1/blackbaud-sans-light.woff\") format(\"woff\");\n    }\n    \n    @font-face {\n        font-family: \"Blackbaud Sans\";\n        font-style: normal;\n        font-weight: 100;\n        src: url(\"https://sky.blackbaudcdn.net/skyux-fonts/1.0.1/blackbaud-sans-thin.woff\") format(\"woff\");\n    }\n    \n    @font-face {\n        font-family: \"Blackbaud Sans Condensed\";\n        font-style: normal;\n        font-weight: 300;\n        src: url(\"https://sky.blackbaudcdn.net/skyux-fonts/1.0.1/blackbaud-sans-condensed-light.woff\") format(\"woff\");\n    }\n    \n    @font-face {\n        font-family: \"Blackbaud Sans Condensed\";\n        font-style: normal;\n        font-weight: 600;\n        src: url(\"https://sky.blackbaudcdn.net/skyux-fonts/1.0.1/blackbaud-sans-condensed-semi-bold.woff\") format(\"woff\");\n    }\n    \n    body,\n    form,\n    html {\n        font-size: 15px;\n        font-family: \"Blackbaud Sans\", \"Helvetica Neue\", Arial, sans-serif;\n    }\n    \n    body {\n        background-color: #ffffff;\n        color: #212327;\n    }\n    \n    h1,\n    h2,\n    h3,\n    h4,\n    h5,\n    h6 {\n        font-weight: 400;\n        line-height: 1.1;\n    }\n    \n    h2 {\n        font-size: 26px;\n        font-weight: 300;\n    }\n    \n    h3 {\n        font-size: 19px;\n        color: #686c73;\n    }\n    \n    h4 {\n        font-size: 14px;\n    }\n    \n    h5 {\n        font-size: 12px;\n    }\n    \n    h6 {\n        font-size: 10px;\n    }\n    \n    h4,\n    h5,\n    h6 {\n        font-weight: 600;\n    }\n    \n    h1 {\n        font-size: 34px;\n        font-weight: 300;\n    }\n    \n    [hidden] {\n        display: none !important;\n    }\n    \n    a {\n        color: #0974a1;\n        text-decoration: none;\n        cursor: pointer;\n    }\n    \n    a:hover {\n        color: #065171;\n        text-decoration: underline;\n    }\n    \n    .sky-pull-right {\n        float: right;\n    }\n    \n    .sky-list-unstyled {\n        list-style: none;\n        padding: 0;\n    }\n    \n    .sky-list-unstyled li {\n        padding-bottom: 5px;\n    }\n    \n    mark.sky-highlight-mark {\n        background-color: #fbb034;\n        color: #212327;\n    }\n    \n    .sky-rounded-corners {\n        border-radius: 3px;\n    }\n    \n    .sky-rounded-circle {\n        border-radius: 50%;\n    }\n    \n    .sky-shadow {\n        box-shadow: 0px 0px 5px 0 rgba(0, 0, 0, 0.3);\n    }\n    \n    .sky-field-status-active {\n        box-shadow: 0 0 8px rgba(0, 180, 241, 0.6);\n        border: 1px solid #00b4f1;\n        outline: none;\n    }\n    \n    .sky-field-status-invalid {\n        box-shadow: 0 0 8px rgba(239, 64, 68, 0.6);\n        border: 1px solid #ef4044;\n        outline: none;\n    }\n    \n    .sky-field-status-success {\n        box-shadow: 0 0 8px rgba(114, 191, 68, 0.6);\n        border: 1px solid #72bf44;\n        outline: none;\n    }\n    \n    .sky-page-heading {\n        font-family: \"Blackbaud Sans Condensed\", \"Helvetica Neue Condensed\", \"Arial Narrow\";\n        color: #212327;\n        font-weight: 300;\n        font-size: 34px;\n    }\n    \n    .sky-section-heading {\n        font-family: \"Blackbaud Sans Condensed\", \"Helvetica Neue Condensed\", \"Arial Narrow\";\n        color: #212327;\n        font-weight: 300;\n        font-size: 26px;\n    }\n    \n    .sky-subsection-heading {\n        font-family: \"Blackbaud Sans\", \"Helvetica Neue\", Arial, sans-serif;\n        color: #686c73;\n        font-weight: 300;\n        font-size: 19px;\n    }\n    \n    .sky-headline {\n        font-family: \"Blackbaud Sans Condensed\", \"Helvetica Neue Condensed\", \"Arial Narrow\";\n        color: #212327;\n        font-weight: 600;\n        font-size: 22px;\n    }\n    \n    .sky-emphasized {\n        font-family: \"Blackbaud Sans\", \"Helvetica Neue\", Arial, sans-serif;\n        color: #212327;\n        font-weight: 600;\n        font-size: 16px;\n    }\n    \n    .sky-deemphasized {\n        font-family: \"Blackbaud Sans\", \"Helvetica Neue\", Arial, sans-serif;\n        color: #686c73;\n        font-weight: 400;\n        font-size: 15px;\n        font-style: italic;\n    }\n    \n    .sky-field-label,\n    th {\n        font-family: \"Blackbaud Sans\", \"Helvetica Neue\", Arial, sans-serif;\n        color: #686c73;\n        font-weight: 400;\n        font-size: 15px;\n    }\n    \n    .sky-text-info {\n        color: #212327;\n    }\n    \n    .sky-text-info:before {\n /*       content: \"&#61546;\"; Not sure what this is trying to do */\n        font-family: FontAwesome;\n        margin-right: 5px;\n        color: #00b4f1;\n    }\n    \n    .sky-text-success {\n        color: #212327;\n    }\n    \n    .sky-text-success:before {\n        content: \"&#61452;\";\n        font-family: FontAwesome;\n        margin-right: 5px;\n        color: #72bf44;\n    }\n    \n    .sky-text-warning {\n        color: #212327;\n    }\n    \n    .sky-text-warning:before {\n/*        content: \"&#61553;\";   Not sure what this is trying to do */\n        content: \"Warning: \";\n        font-family: FontAwesome;\n        margin-right: 5px;\n        color: #fbb034;\n    }\n    \n    .sky-text-danger {\n        color: #212327;\n    }\n    \n    .sky-text-danger:before {\n        content: \"&#61553;\";\n        font-family: FontAwesome;\n        margin-right: 5px;\n        color: #ef4044;\n    }\n    \n    .sky-font-body-default {\n        font-size: 15px;\n        font-family: \"Blackbaud Sans\", \"Helvetica Neue\", Arial, sans-serif;\n        color: #212327;\n    }\n    \n    .sky-font-body-sm {\n        font-size: 13px;\n        font-family: \"Blackbaud Sans\", \"Helvetica Neue\", Arial, sans-serif;\n        color: #212327;\n    }\n    \n    .sky-font-body-lg {\n        font-size: 16px;\n        font-family: \"Blackbaud Sans\", \"Helvetica Neue\", Arial, sans-serif;\n        color: #212327;\n    }\n    \n    .sky-font-field-label {\n        font-family: \"Blackbaud Sans\", \"Helvetica Neue\", Arial, sans-serif;\n        color: #686c73;\n        font-weight: 400;\n        font-size: 15px;\n    }\n    \n    .sky-font-deemphasized {\n        font-family: \"Blackbaud Sans\", \"Helvetica Neue\", Arial, sans-serif;\n        color: #686c73;\n        font-weight: 400;\n        font-size: 15px;\n        font-style: italic;\n    }\n    \n    .sky-font-emphasized {\n        font-weight: 600;\n    }\n    \n    .sky-font-heading-1 {\n        font-family: \"Blackbaud Sans Condensed\", \"Helvetica Neue Condensed\", \"Arial Narrow\";\n        color: #212327;\n        font-weight: 300;\n        font-size: 34px;\n    }\n    \n    .sky-font-heading-2 {\n        font-family: \"Blackbaud Sans Condensed\", \"Helvetica Neue Condensed\", \"Arial Narrow\";\n        color: #212327;\n        font-weight: 300;\n        font-size: 26px;\n    }\n    \n    .sky-font-heading-3 {\n        font-family: \"Blackbaud Sans\", \"Helvetica Neue\", Arial, sans-serif;\n        color: #686c73;\n        font-weight: 300;\n        font-size: 19px;\n    }\n    \n    .sky-font-heading-4 {\n        font-family: \"Blackbaud Sans\", \"Helvetica Neue\", Arial, sans-serif;\n        color: #212327;\n        font-weight: 600;\n        font-size: 16px;\n    }\n    \n    .sky-font-heading-5 {\n        font-family: \"Blackbaud Sans\", \"Helvetica Neue\", Arial, sans-serif;\n        color: #686c73;\n        font-weight: 400;\n        font-size: 15px;\n    }\n    \n    .sky-font-display-1 {\n        font-family: \"Blackbaud Sans Condensed\", \"Helvetica Neue Condensed\", \"Arial Narrow\";\n        color: #212327;\n        font-weight: 300;\n        font-size: 34px;\n    }\n    \n    .sky-font-display-2 {\n        font-family: \"Blackbaud Sans Condensed\", \"Helvetica Neue Condensed\", \"Arial Narrow\";\n        color: #212327;\n        font-weight: 300;\n        font-size: 26px;\n    }\n    \n    .sky-font-display-3 {\n        font-family: \"Blackbaud Sans Condensed\", \"Helvetica Neue Condensed\", \"Arial Narrow\";\n        color: #212327;\n        font-weight: 600;\n        font-size: 22px;\n    }\n    \n    .sky-font-display-4 {\n        font-family: \"Blackbaud Sans\", \"Helvetica Neue\", Arial, sans-serif;\n        color: #212327;\n        font-weight: 600;\n        font-size: 16px;\n    }\n    \n    .sky-screen-reader-only {\n        width: 0;\n        height: 0;\n        padding: 0;\n        opacity: 0;\n        position: absolute;\n        margin: -1px;\n        border: 0;\n        overflow: hidden;\n        clip: rect(0, 0, 0, 0);\n        outline: none;\n        white-space: nowrap;\n    }\n    \n    .sky-grid {\n        position: relative;\n        display: block\n    }\n    \n    .sky-grid-table-container {\n        overflow: auto\n    }\n    \n    .sky-grid-table,\n    table {\n        position: relative;\n        table-layout: fixed;\n        border-collapse: collapse;\n        margin: 0;\n        font-size: 15px;\n        min-width: 100%\n    }\n    \n    .sky-grid-table.sky-grid-fit {\n        max-width: 100%;\n        width: 100%\n    }\n    \n    .sky-grid-tbody,\n    tbody {\n        background-color: #fff\n    }\n    \n    .sky-grid-row,\n    tr {\n        border-bottom: 1px dotted #cdcfd2\n    }\n    \n    .sky-grid-row:nth-child(odd),\n    tr:nth-child(odd) {\n        background-color: #fbfbfb\n    }\n    \n    .sky-grid-row.sky-grid-row-highlight {\n        border-top: 1px solid #0974a1;\n        box-shadow: 0 0 0 3px inset #0974a1\n    }\n    \n    .sky-grid-row .sky-grid-cell,\n    tr,\n    td {\n        padding: 0;\n        min-width: 10px\n    }\n    \n    .sky-grid-heading,\n    thead,\n    th {\n        position: relative;\n        border-top: 1px solid #cdcfd2;\n        border-bottom: 1px solid #cdcfd2;\n        border-left: 1px solid #cdcfd2;\n        border-right: 0 solid #cdcfd2;\n        padding: 0;\n        cursor: pointer;\n        background-color: #fff;\n        overflow: visible;\n        background-clip: padding-box;\n        -webkit-user-select: none;\n        -webkit-tap-highlight-color: transparent;\n        -moz-user-select: none;\n        -ms-user-select: none;\n        user-select: none\n    }\n    \n    .sky-grid-heading:first-child,\n    th:first-child {\n        border-left: 1px solid transparent\n    }\n    \n    .sky-grid-heading.sky-grid-header-dragging {\n        background-color: #eeeeef\n    }\n    \n    .sky-grid-heading.sky-grid-column-alignment-center .sky-grid-heading-sort,\n    .sky-grid-heading.sky-grid-column-alignment-left .sky-grid-heading-sort {\n        width: 14px\n    }\n    \n    .sky-grid-heading.sky-grid-column-alignment-center .sky-grid-help-inline-sort-hidden,\n    .sky-grid-heading.sky-grid-column-alignment-left .sky-grid-help-inline-sort-hidden {\n        margin-left: -14px;\n        margin-right: 14px\n    }\n    \n    .sky-grid-heading.sky-grid-column-alignment-right .sky-grid-header-caret-hidden-spacing {\n        padding-left: 14px\n    }\n    \n    .sky-grid-heading.sky-grid-column-alignment-right .sky-grid-heading-sort-visible {\n        width: 14px\n    }\n    \n    .sky-grid-heading div {\n        padding: 8px\n    }\n    \n    .sky-grid-heading .overflow {\n        text-overflow: ellipsis;\n        white-space: nowrap;\n        position: relative;\n        z-index: 1;\n        overflow: hidden;\n        min-width: 100%\n    }\n    \n    .sky-grid-heading .sky-grid-column-input-aria-only {\n        -webkit-appearance: none;\n        -moz-appearance: none;\n        height: 100%;\n        width: 5px;\n        position: absolute;\n        display: block;\n        top: 0;\n        bottom: 0;\n        right: 0\n    }\n    \n    .sky-grid-heading .sky-grid-column-input-aria-only::-moz-range-track {\n        background: 0 0\n    }\n    \n    .sky-grid-heading .sky-grid-column-input-aria-only::-moz-range-thumb {\n        -webkit-appearance: none;\n        -moz-appearance: none;\n        width: 0;\n        height: 0;\n        border-radius: 0;\n        border: 0;\n        background: 0 0;\n        display: none\n    }\n    \n    .sky-grid-heading .sky-grid-column-input-aria-only::-ms-thumb {\n        -webkit-appearance: none;\n        -moz-appearance: none;\n        width: 0;\n        height: 0;\n        border-radius: 0;\n        border: 0;\n        background: 0 0;\n        display: none\n    }\n    \n    .sky-grid-heading .sky-grid-column-input-aria-only::-webkit-slider-thumb {\n        -webkit-appearance: none;\n        -moz-appearance: none;\n        width: 0;\n        height: 0;\n        border-radius: 0;\n        border: 0;\n        background: 0 0;\n        display: none\n    }\n    \n    .sky-grid-heading .sky-grid-column-input-aria-only:focus {\n        background-color: #00b4f1\n    }\n    \n    .sky-grid-column-alignment-left,\n    th {\n        text-align: left\n    }\n    \n    .sky-grid-column-alignment-center {\n        text-align: center\n    }\n    \n    .sky-grid-column-alignment-right {\n        text-align: right\n    }\n    \n    .sky-grid-multiselect-cell {\n        padding: 0;\n        text-align: center\n    }\n    \n    .sky-grid-multiselect-cell .sky-switch-control {\n        margin: 0 auto\n    }\n    \n    th.sky-grid-multiselect-cell {\n        cursor: default\n    }\n    \n    th.sky-grid-multiselect-cell .screen-reader-only {\n        width: 0;\n        height: 0;\n        padding: 0;\n        opacity: 0;\n        position: absolute;\n        margin: -1px;\n        border: 0;\n        overflow: hidden;\n        clip: rect(0, 0, 0, 0);\n        outline: 0;\n        white-space: nowrap\n    }\n    \n    @-moz-document url-prefix() {\n        .sky-grid-multiselect-row td {\n            border-left: 0 solid transparent;\n            border-right: 0 solid transparent\n        }\n    }\n    \n    .sky-grid-multiselect-row:hover {\n        background-color: #e9e4f1\n    }\n    \n    .sky-grid-multiselect-row:hover:nth-child(odd) {\n        background: #e9e4f1\n    }\n    \n    .sky-grid-multiselect-selected-row {\n        background: #f1eef6;\n        border-top: 1px solid #dadbf6;\n        border-bottom: 1px solid #dadbf6\n    }\n    \n    .sky-grid-multiselect-selected-row:nth-child(odd) {\n        background: #f1eef6\n    }\n    \n    .sky-grid-has-toolbar .sky-grid-heading {\n        border-top-width: 0\n    }\n    \n    .sky-grid-heading-sort.sky-grid-heading-sort-hidden {\n        visibility: hidden\n    }\n    \n    .sky-grid-heading-sort.sky-grid-heading-sort-visible {\n        visibility: visible;\n        padding-left: 5px\n    }\n    \n    .sky-grid-resize-handle {\n        position: absolute;\n        right: 0;\n        top: 0;\n        bottom: 0;\n        width: 30px;\n        z-index: 2;\n        min-height: 20px;\n        height: 100%!important;\n        vertical-align: middle;\n        cursor: col-resize\n    }\n    \n    .sky-grid-resize-handle:hover::after {\n        background-color: #00b4f1\n    }\n    \n    .sky-grid-resize-handle:after {\n        position: absolute;\n        right: 0;\n        top: 0;\n        bottom: 0;\n        width: 5px;\n        height: 100%;\n        content: \"\"\n    }\n    \n    #sky-grid-resize-bar {\n        position: absolute;\n        top: 0;\n        left: 0;\n        z-index: 99;\n        height: 100%;\n        width: 5px;\n        background: #00b4f1;\n        opacity: .6\n    }\n    \n    tr {\n        position: relative\n    }\n    \n    .sky-grid-top-scroll-container {\n        overflow: auto\n    }\n    \n    .sky-grid-top-scroll {\n        height: 1px\n    }\n    \n    .sky-wait-mask-loading-blocking {\n        margin: auto;\n        position: absolute;\n        top: 0;\n        right: 0;\n        left: 0;\n        bottom: 0;\n        background-color: rgba(255, 255, 255, .7);\n        z-index: 1000\n    }\n    \n    .sky-wait-mask-loading-fixed {\n        position: fixed\n    }\n    \n    .sky-wait {\n        width: 50px;\n        height: 50px;\n        margin-top: -25px;\n        margin-left: -25px;\n        position: absolute;\n        top: 50%;\n        left: 50%\n    }\n    \n    .sky-wait-mask-loading-non-blocking {\n        bottom: 0\n    }\n    \n    .sky-wait-mask-loading-non-blocking .sky-wait {\n        top: auto;\n        right: auto;\n        bottom: 0;\n        left: 0;\n        margin-left: auto;\n        margin-right: auto\n    }\n    \n    .sky-wait-double-bounce1,\n    .sky-wait-double-bounce2 {\n        width: 100%;\n        height: 100%;\n        border-radius: 50%;\n        background-color: #72bf44;\n        opacity: .6;\n        position: absolute;\n        top: 0;\n        left: 0;\n        -webkit-animation: 2s ease-in-out infinite sk-bounce;\n        animation: 2s ease-in-out infinite sk-bounce\n    }\n    \n    .sky-wait-double-bounce2 {\n        -webkit-animation-delay: -1s;\n        animation-delay: -1s\n    }\n    \n    @-webkit-keyframes sk-bounce {\n        0%,\n        100% {\n            -webkit-transform: scale(0)\n        }\n        50% {\n            -webkit-transform: scale(1)\n        }\n    }\n    \n    @keyframes sk-bounce {\n        0%,\n        100% {\n            transform: scale(0);\n            -webkit-transform: scale(0)\n        }\n        50% {\n            transform: scale(1);\n            -webkit-transform: scale(1)\n        }\n    }\n    \n    .sky-wait-container.sky-wait-active {\n        position: relative\n    }\n\n/* the following I couldn't figure out where they were being called from, so put them in manually */\n    th,\n    td {\n        padding-bottom: 8px;\n        padding-left: 8px;\n        padding-right: 8px;\n        padding-top: 8px;\ntext-align: left;\nbox-sizing: border-box;\n\n    }\n\ntable {\nbox-sizing: border box;\n}\n\n</style>"}]}},"Initialize_variable_-_PreReqScripts":{"runAfter":{"Initialize_variable_-_CSS":["Succeeded"]},"metadata":{"operationMetadataId":"e9439c01-2fce-4139-a628-5d06f724f225"},"type":"InitializeVariable","inputs":{"variables":[{"name":"PreReqScripts","type":"string","value":"<script type=\"text/javascript\" src=\"https://sky.blackbaudcdn.net/static/sky-addin-client/1.1.1/sky-addin-client.umd.min.js\">\n</script>\n<script src=\"https://code.jquery.com/jquery-3.2.1.min.js\"></script>\n<script src=\"https://cdn.jsdelivr.net/npm/es6-promise@4/dist/es6-promise.auto.min.js\"></script>"}]}},"Initialize_variable_-_MainScript":{"runAfter":{"Initialize_variable_-_PreReqScripts":["Succeeded"]},"metadata":{"operationMetadataId":"62527dec-66a9-42cf-9269-92e553bdd953"},"type":"InitializeVariable","inputs":{"variables":[{"name":"MainScript","type":"string","value":"<script type=\"text/javascript\">\n    var userIdentityToken;\n    var responseStatus;\n    var environmentId; \n\n    // BBSkyAddinClient is global here.\n    var client = new BBSkyAddinClient.AddinClient({\n        callbacks: {\n            init: async function (args) {\n\n\n                await client.getUserIdentityToken().then((token) => {\n                    userIdentityToken = token;\n                    $('#userIdentityTokenValue').text(token);\n                    //    console.log('UIT ' + userIdentityToken);\n                });\n\n                var actionURL = location.href + '&switch=action&SystemRecordId=' + args.context.recordId;\n                var validationURL = location.href + '&switch=validate';\n\n            environmentId = args.envId;\n\n\n\n                await $.get(validationURL, { uit: userIdentityToken }, function (data, status) {\n                    responseStatus = status;\n                });\n\n                if (responseStatus == \"success\") {\n\n                    // inform the host page that the add-in is ready to be shown\n\n                    args.ready({ showUI: true, title: '@{variables('TileName')}' });\n\n                    $.get(actionURL, function (data, status) {\n                        document.getElementById(\"powerResults\").innerHTML = data;\n                        document.getElementById(\"introNotes\").innerHTML = \"\";\n                        $(\"#contentLoading\").hide();\n                    });\n\n                }\n            }\n        }\n    });\n\n </script>"}]}},"Initialize_variable_-_MainHTML":{"runAfter":{"Initialize_variable_-_MainScript":["Succeeded"]},"metadata":{"operationMetadataId":"6ae6f36c-7f8b-46d8-a0b1-3fc7db6ab5e9"},"type":"InitializeVariable","inputs":{"variables":[{"name":"MainHTML","type":"string","value":"<div class=\"sky-wait-container\" id=\"contentLoading\">\n<I>Content Loading...</I>\n    <BR>\n    <BR>\n    <BR>\n    <BR>\n    <BR>\n    <div class=\"sky-wait-mask sky-wait-mask-loading-blocking\" aria-label=\"Loading. Please wait.\">\n        <div class=\"sky-wait\">\n            <div class=\"sky-wait-double-bounce1\"></div>\n            <div class=\"sky-wait-double-bounce2\"></div>\n        </div>\n    </div>\n</div>\n<div id=\"introNotes\"></div>\n<div id=\"powerResults\"></div>"}]}},"Initialize_variable_-_Response":{"runAfter":{"Initialize_variable_-_MainHTML":["Succeeded"]},"metadata":{"operationMetadataId":"1af83f9c-dc5c-472d-9a3c-a91587284cab"},"type":"InitializeVariable","inputs":{"variables":[{"name":"Response","type":"string"}]}},"Switch_-_Which_Function":{"runAfter":{"Compose_-_Get_Queries":["Succeeded"]},"cases":{"Action":{"case":"action","actions":{"Scope_-_VendorGivingStats_-_With_GIK":{"actions":{"Search_for_a_constituent":{"runAfter":{},"metadata":{"operationMetadataId":"931fb9a1-56e8-491b-9ef7-2ed299310757"},"type":"OpenApiConnection","inputs":{"host":{"apiId":"/providers/Microsoft.PowerApps/apis/shared_blackbaudconstituent","connectionName":"shared_blackbaudconstituent","operationId":"SearchConstituent"},"parameters":{"search_text":"FENXT-@{variables('SystemRecordId')}"},"authentication":"@parameters('$authentication')"}},"Get_constituent_first_gift":{"runAfter":{"Set_variable_-_ConstituentSystemRecordId":["Succeeded"]},"metadata":{"operationMetadataId":"15acda5d-e21d-4004-880e-832c80a8b742"},"type":"OpenApiConnection","inputs":{"host":{"apiId":"/providers/Microsoft.PowerApps/apis/shared_blackbaudgifts","connectionName":"shared_blackbaudgifts","operationId":"GetConstituentFirstGift"},"parameters":{"constituent_id":"@variables('ConstituentSystemRecordId')"},"authentication":"@parameters('$authentication')"}},"Get_constituent_latest_gift":{"runAfter":{"Get_constituent_first_gift":["Succeeded"]},"metadata":{"operationMetadataId":"52ad3fed-e061-4b47-85ec-4effaafe5e70"},"type":"OpenApiConnection","inputs":{"host":{"apiId":"/providers/Microsoft.PowerApps/apis/shared_blackbaudgifts","connectionName":"shared_blackbaudgifts","operationId":"GetConstituentLatestGift"},"parameters":{"constituent_id":"@variables('ConstituentSystemRecordId')"},"authentication":"@parameters('$authentication')"}},"Get_constituent_greatest_gift":{"runAfter":{"Get_constituent_latest_gift":["Succeeded"]},"metadata":{"operationMetadataId":"c16360f2-a146-487a-8f78-21b661021b10"},"type":"OpenApiConnection","inputs":{"host":{"apiId":"/providers/Microsoft.PowerApps/apis/shared_blackbaudgifts","connectionName":"shared_blackbaudgifts","operationId":"GetConstituentGreatestGift"},"parameters":{"constituent_id":"@variables('ConstituentSystemRecordId')"},"authentication":"@parameters('$authentication')"}},"Get_constituent_lifetime_giving":{"runAfter":{"Get_constituent_greatest_gift":["Succeeded"]},"metadata":{"operationMetadataId":"f9225ce7-1073-44e2-9a88-3b3c1255f0f4"},"type":"OpenApiConnection","inputs":{"host":{"apiId":"/providers/Microsoft.PowerApps/apis/shared_blackbaudgifts","connectionName":"shared_blackbaudgifts","operationId":"GetConstituentLifetimeGiving"},"parameters":{"constituent_id":"@variables('ConstituentSystemRecordId')"},"authentication":"@parameters('$authentication')"}},"Compose_-_Assemble_FLG_Stats":{"runAfter":{"Apply_to_each_-_Sum_the_GIK":["Succeeded"]},"metadata":{"operationMetadataId":"b68a8911-b3db-4302-bd8a-4d630248c997"},"type":"Compose","inputs":[{"First Gift":"@{formatNumber(outputs('Get_constituent_first_gift')?['body/amount/value'], 'C')}<BR> @{formatDateTime(outputs('Get_constituent_first_gift')?['body/date'], 'd')} <BR>@{outputs('Get_constituent_first_gift')?['body/type']}<BR>@{first(outputs('Get_constituent_first_gift')?['body/funds'])['description']}","Latest Gift":"@{formatNumber(outputs('Get_constituent_latest_gift')?['body/amount/value'], 'C')}<BR>@{formatDateTime(outputs('Get_constituent_latest_gift')?['body/date'], 'd')}<BR>@{outputs('Get_constituent_latest_gift')?['body/type']}<BR>@{first(outputs('Get_constituent_latest_gift')?['body/funds'])['description']}","Greatest Gift":"@{formatNumber(outputs('Get_constituent_greatest_gift')?['body/amount/value'], 'C')}<BR>  @{formatDateTime(outputs('Get_constituent_greatest_gift')?['body/date'], 'd')}<BR>@{outputs('Get_constituent_greatest_gift')?['body/type']}<BR>@{first(outputs('Get_constituent_greatest_gift')?['body/funds'])['description']}"}]},"Create_HTML_table_-_FLG_Stats":{"runAfter":{"Compose_-_Assemble_FLG_Stats":["Succeeded"]},"metadata":{"operationMetadataId":"6d01a48b-0c2f-4ddd-9ec8-0bacdf5dcba8"},"type":"Table","inputs":{"from":"@outputs('Compose_-_Assemble_FLG_Stats')","format":"HTML"}},"Compose_-_Assemble_Lifetime_Stats":{"runAfter":{"Create_HTML_table_-_FLG_Stats":["Succeeded"]},"metadata":{"operationMetadataId":"9f228e38-46e7-4953-b5fc-d9d63bc19052"},"type":"Compose","inputs":[{"Consecutive Years Given":"@{outputs('Get_constituent_lifetime_giving')?['body/consecutive_years_given']}","Total Years Given":"@{outputs('Get_constituent_lifetime_giving')?['body/total_years_given']}","Total Giving Amount":"@{formatNumber(outputs('Get_constituent_lifetime_giving')?['body/total_giving/value'], 'C')}","Total Pledge Balance":"@{formatNumber(outputs('Get_constituent_lifetime_giving')?['body/total_pledge_balance/value'], 'C')}","Total Recieved Amount":"@{formatNumber(outputs('Get_constituent_lifetime_giving')?['body/total_received_giving/value'], 'C')}","Total Commited Matching Gifts":"@{formatNumber(outputs('Get_constituent_lifetime_giving')?['body/total_committed_matching_gifts/value'], 'C')}","Total Received Matching Gifts":"@{formatNumber(outputs('Get_constituent_lifetime_giving')?['body/total_received_matching_gifts/value'], 'C')}","Total Soft Credits":"@{formatNumber(outputs('Get_constituent_lifetime_giving')?['body/total_soft_credits/value'], 'C')}","Total # Gift In Kind Donations":"@{outputs('List_gifts_-_GiftInKind')?['body/count']}","Total Gift In Kind Donations":"@{formatNumber(variables('GIKTotal'), 'C')}"}]},"Create_HTML_table_-_Lifetime_Stats":{"runAfter":{"Compose_-_Assemble_Lifetime_Stats":["Succeeded"]},"metadata":{"operationMetadataId":"4ccf7058-6e31-42bf-b289-8522f68b78b4"},"type":"Table","inputs":{"from":"@outputs('Compose_-_Assemble_Lifetime_Stats')","format":"HTML"}},"List_gifts_-_GiftInKind":{"runAfter":{"Get_constituent_lifetime_giving":["Succeeded"]},"metadata":{"operationMetadataId":"653fa57b-356a-412b-9b88-531d5cf83fea"},"type":"OpenApiConnection","inputs":{"host":{"apiId":"/providers/Microsoft.PowerApps/apis/shared_blackbaudgifts","connectionName":"shared_blackbaudgifts","operationId":"ListGifts"},"parameters":{"gift_type":"GiftInKind","constituent_id":"@variables('ConstituentSystemRecordId')"},"authentication":"@parameters('$authentication')"}},"Apply_to_each_-_Sum_the_GIK":{"foreach":"@outputs('List_gifts_-_GiftInKind')?['body/value']","actions":{"Increment_variable":{"runAfter":{},"metadata":{"operationMetadataId":"67e1905e-84ca-4a26-a501-30d8452fae97"},"type":"IncrementVariable","inputs":{"name":"GIKTotal","value":"@items('Apply_to_each_-_Sum_the_GIK')?['amount/value']"}}},"runAfter":{"List_gifts_-_GiftInKind":["Succeeded"]},"metadata":{"operationMetadataId":"118ed87d-3ac5-449e-aa69-e6a2a4c79691"},"type":"Foreach"},"Set_variable_-_ConstituentSystemRecordId":{"runAfter":{"Search_for_a_constituent":["Succeeded"]},"type":"SetVariable","inputs":{"name":"ConstituentSystemRecordId","value":"@{first(outputs('Search_for_a_constituent')?['body/value'])['id']}"}},"Set_variable_-_Response_-_VendorGivingStats":{"runAfter":{"Create_HTML_table_-_Lifetime_Stats":["Succeeded"]},"type":"SetVariable","inputs":{"name":"Response","value":"@{replace(replace(replace(replace(replace(body('Create_HTML_table_-_FLG_Stats'), '&lt;', '<'), '&gt;', '>'), '&quot;', '\"'), '^', ' '), '&ampdeg', '&deg')}<BR>\n<BR>\n@{body('Create_HTML_table_-_Lifetime_Stats')}"}}},"runAfter":{},"metadata":{"operationMetadataId":"2c7ca68e-242d-4ecd-aa7e-42ee3dd0a463"},"type":"Scope"},"Set_variable_-_Response_-_NoStatsAvailable":{"runAfter":{"Scope_-_VendorGivingStats_-_With_GIK":["Failed"]},"type":"SetVariable","inputs":{"name":"Response","value":"<em>No linked Raiser's Edge NXT record found. </em>"}}}},"Validate":{"case":"validate","actions":{"Scope_-_Validation":{"actions":{"Condition_-_Authorized_User":{"actions":{},"runAfter":{"Validate_a_user_identity_token":["Succeeded"]},"else":{"actions":{"Set_variable_-_HTTPStatus_-_Not_Authorized_User":{"runAfter":{},"type":"SetVariable","inputs":{"name":"HTTPStatus","value":"401"}},"Terminate":{"runAfter":{"Set_variable_-_HTTPStatus_-_Not_Authorized_User":["Succeeded"]},"type":"Terminate","inputs":{"runStatus":"Cancelled"}}}},"expression":{"or":[{"contains":["@toLower(variables('AuthorizedUsers'))","@toLower(outputs('Validate_a_user_identity_token')?['body/email'])"]},{"equals":["@variables('AuthorizedUsers')",""]}]},"type":"If"},"Validate_a_user_identity_token":{"runAfter":{},"type":"OpenApiConnection","inputs":{"host":{"apiId":"/providers/Microsoft.PowerApps/apis/shared_blackbaudskyaddins","connectionName":"shared_blackbaudskyaddins","operationId":"ValidateUserIdentityToken"},"parameters":{"body/uit":"@triggerOutputs()['queries']['uit']","body/application_id":"@variables('ApplicationID')"},"authentication":"@parameters('$authentication')"}}},"runAfter":{},"type":"Scope","description":"Validates the App that's being called as well as the user. "}}}},"default":{"actions":{"Set_variable_-_Response_-_Default":{"runAfter":{},"type":"SetVariable","inputs":{"name":"Response","value":"@{variables('CSS')}\n@{variables('PreReqScripts')}\n@{variables('MainScript')}\n@{variables('MainHTML')}"}}}},"expression":"@coalesce(triggerOutputs()?['queries']?['switch'],'default')","metadata":{"operationMetadataId":"942e1a44-924a-493b-846e-459c617713f0"},"type":"Switch"},"Initialize_variable_-_TileName":{"runAfter":{"Initialize_variable_-_AuthorizedUsers":["Succeeded"]},"metadata":{"operationMetadataId":"a444a098-b50f-40eb-90d0-6d65b3fbfdbb"},"type":"InitializeVariable","inputs":{"variables":[{"name":"TileName","type":"string","value":"Vendor Giving Information"}]},"description":"Update this with what you wish to call the tile when it displays in Raiser's Edge NXT. "},"Initialize_variable_-_HTTPStatus":{"runAfter":{"Initialize_variable_-_SystemRecordId":["Succeeded"]},"metadata":{"operationMetadataId":"1f8ff8fb-addb-49b1-9a12-80378f59bb67"},"type":"InitializeVariable","inputs":{"variables":[{"name":"HTTPStatus","type":"string","value":"200"}]},"description":"Default, 200, is if everything works as expected.  As part of the verification process, this will be replaced with 401 if the UIT fails or the user isn't part of the allowed users. "},"Compose_-_Get_Queries":{"runAfter":{"Initialize_variable_-_Response":["Succeeded"]},"metadata":{"operationMetadataId":"e145abae-aed6-453e-a47c-025bbcac53dc"},"type":"Compose","inputs":"@triggerOutputs()?['queries']"},"Initialize_variable_-_ApplicationID":{"runAfter":{"README_-_ACTION_REQUIRED_-_OPEN_UP_THIS_PART_OF_THE_FLOW":["Succeeded"]},"metadata":{"operationMetadataId":"4b262ab0-fc1e-4081-a7ad-9442099f1124"},"type":"InitializeVariable","inputs":{"variables":[{"name":"ApplicationID","type":"string"}]},"description":"For Verification Purposes, enter the associated Application ID Here"},"Initialize_variable_-_AuthorizedUsers":{"runAfter":{"Initialize_variable_-_ApplicationID":["Succeeded"]},"metadata":{"operationMetadataId":"46343a98-24ee-4885-900c-c4b1911a56a3"},"type":"InitializeVariable","inputs":{"variables":[{"name":"AuthorizedUsers","type":"string"}]},"description":"List all authorized user email addresses (the one tied to their Blackbaud ID) separated by comma.  Leave Blank to allow All users. "},"README_-_ACTION_REQUIRED_-_OPEN_UP_THIS_PART_OF_THE_FLOW":{"actions":{"SCOPE_OF_SUPPORT_-_README":{"runAfter":{},"metadata":{"operationMetadataId":"2a9fed97-d5c9-473a-acda-40392530b61a"},"type":"Compose","inputs":"This part of the flow has no impact on the output, but does have key information. \n* If you're new to working with Power Automate, or Blackabud related actions in Power Automate, see our Getting Started Guide at https://docs.blackbaud.com/microsoft-connectors-docs/microsoft-power-platform/getting-started\n\n* For instructions on how to setup this specific flow as well as support options available, see the README at https://github.com/glenhutson/BlackbaudCustomizations/tree/main/All-In-One-SKYAddins%2BPowerAutomate/FENXT-Vendor-Giving . \n\n* THE SOFTWARE IS PROVIDED \"AS IS\", WITHOUT WARRANTY OF ANY KIND, EXPRESS OR IMPLIED, INCLUDING BUT NOT LIMITED TO THE WARRANTIES OF MERCHANTABILITY, FITNESS FOR A PARTICULAR PURPOSE AND NONINFRINGEMENT. IN NO EVENT SHALL THE AUTHORS OR COPYRIGHT HOLDERS BE LIABLE FOR ANY CLAIM, DAMAGES OR OTHER LIABILITY, WHETHER IN AN ACTION OF CONTRACT, TORT OR OTHERWISE, ARISING FROM, OUT OF OR IN CONNECTION WITH THE SOFTWARE OR THE USE OR OTHER DEALINGS IN THE SOFTWARE.\n\n!!!!!!!!!! IMPORTANT !!!!!!!!!!\nOnce you have read and understand the above, remove the \"Terminate\" action immediately below to enable this flow.  "},"Terminate_flow":{"runAfter":{"SCOPE_OF_SUPPORT_-_README":["Succeeded"]},"metadata":{"operationMetadataId":"3faa293b-473b-4cae-8249-a29299984fba"},"type":"Terminate","inputs":{"runStatus":"Failed"}}},"runAfter":{},"metadata":{"operationMetadataId":"69426340-3c5a-4c1c-b6ad-b237c42a1561"},"type":"Scope"},"Compose_-_STOP_HERE_-_README":{"runAfter":{"Initialize_variable_-_ConstituentSystemRecordId":["Succeeded"]},"metadata":{"operationMetadataId":"9f167bc0-a615-451e-85bd-0ea7b1ae3941"},"type":"Compose","inputs":"For importing the initial sample flow, no further actions should be required from this point on before reaching the Switch statement. You may want to check the \"Action\" area under the Switch to see if there are any exclamation marks indication you may need to reestablish a connection.  If you wish to add a different set of actions for your scenario, the \"Action\" switch area is where you will be doing your work.  DO NOT EDIT The \"Validate\" or \"Default\" items under the switch.  "},"Initialize_variable_-_SystemRecordId":{"runAfter":{"Compose_-_STOP_HERE_-_README":["Succeeded"]},"metadata":{"operationMetadataId":"99128eda-a4c2-434f-8827-c1079573262a"},"type":"InitializeVariable","inputs":{"variables":[{"name":"SystemRecordId","type":"string","value":"@{triggerOutputs()?['queries']?['SystemRecordId']}"}]}},"Initialize_variable_-_GIKTotal":{"runAfter":{"Initialize_variable_-_TileName":["Succeeded"]},"metadata":{"operationMetadataId":"10995292-6d4c-494e-a07d-3ef0a33e67fa"},"type":"InitializeVariable","inputs":{"variables":[{"name":"GIKTotal","type":"float"}]}},"Initialize_variable_-_ConstituentSystemRecordId":{"runAfter":{"Initialize_variable_-_GIKTotal":["Succeeded"]},"metadata":{"operationMetadataId":"f530ae52-08e8-45f5-86cd-b182effae206"},"type":"InitializeVariable","inputs":{"variables":[{"name":"ConstituentSystemRecordId","type":"string"}]},"description":"The \"usual\" SystemRecordId in this scenario is the Vendor's on the FENXT Side.  We''ll translate that to the System Record ID on the RENXT side and save it here. "}}},"connectionReferences":{"shared_blackbaudconstituent":{"connectionName":"shared-blackbaudcons-44e4b72f-a8c7-41fe-8d9c-e1ef35234428","source":"Embedded","id":"/providers/Microsoft.PowerApps/apis/shared_blackbaudconstituent","tier":"NotSpecified"},"shared_blackbaudgifts":{"connectionName":"shared-blackbaudgift-ac1da672-5679-48db-ba9f-69deff8bc26f","source":"Embedded","id":"/providers/Microsoft.PowerApps/apis/shared_blackbaudgifts","tier":"NotSpecified"},"shared_blackbaudskyaddins":{"connectionName":"shared-blackbaudskya-15cb432d-ab93-4def-ac94-483134da67e0","source":"Embedded","id":"/providers/Microsoft.PowerApps/apis/shared_blackbaudskyaddins","tier":"NotSpecified"}},"flowFailureAlertSubscribed":false,"isManaged":false}}