{"name":"65aee5cd-b65e-4443-a22e-911691b7fdbf","id":"/providers/Microsoft.Flow/flows/65aee5cd-b65e-4443-a22e-911691b7fdbf","type":"Microsoft.Flow/flows","properties":{"apiId":"/providers/Microsoft.PowerApps/apis/shared_logicflows","displayName":"BBCRM-Altru-ConstituentWeather-V1","definition":{"metadata":{"workflowEntityId":null,"processAdvisorMetadata":null,"flowChargedByPaygo":null,"flowclientsuspensionreason":"None","flowclientsuspensiontime":null,"flowclientsuspensionreasondetails":null,"creator":{"id":"f756b54d-1e20-4c1e-a5f6-009521a76ac1","type":"User","tenantId":"31fa3fc8-0d67-4b00-8f5a-3a9a69c281b8"},"provisioningMethod":"FromDefinition","failureAlertSubscription":true,"clientLastModifiedTime":"2023-12-20T18:12:36.6532679Z","connectionKeySavedTimeKey":"2023-12-20T18:12:36.6532679Z"},"$schema":"https://schema.management.azure.com/providers/Microsoft.Logic/schemas/2016-06-01/workflowdefinition.json#","contentVersion":"1.0.0.0","parameters":{"$connections":{"defaultValue":{},"type":"Object"},"$authentication":{"defaultValue":{},"type":"SecureObject"}},"triggers":{"manual":{"metadata":{"operationMetadataId":"064803c2-c422-4be5-9d35-6fbe19898630"},"type":"Request","kind":"Http","inputs":{"schema":{"type":"object","properties":{"uit":{"type":"string"},"context":{"type":"object","properties":{"recordId":{"type":"string"}}}}},"triggerAuthenticationType":"All"},"description":"The flow will be triggered with context values provided by the Blackbaud host application."}},"actions":{"Validate_a_user_identity_token":{"runAfter":{"README_-_ACTION_REQUIRED_-_OPEN_UP_THIS_PART_OF_THE_FLOW":["Succeeded"]},"metadata":{"operationMetadataId":"e48cc9db-d688-420a-80e4-003a24018f61"},"type":"OpenApiConnection","inputs":{"host":{"apiId":"/providers/Microsoft.PowerApps/apis/shared_blackbaudskyaddins","connectionName":"shared_blackbaudskyaddins","operationId":"ValidateUserIdentityToken"},"parameters":{"body/uit":"@triggerBody()?['uit']","body/application_id":"7472a6a5-4b7a-438d-94dd-dc2887e3df24"},"authentication":"@parameters('$authentication')"},"description":"Ensure that the user identity token was issued to the SKY application that triggered the flow. UPDATE the Application ID with YOUR Application ID"},"Scope_-_GetWeather":{"actions":{"Get_current_weather":{"runAfter":{"Parse_JSON_-_GetConstituentAddress":["Succeeded"]},"metadata":{"operationMetadataId":"dbab731d-2f90-421b-8fc3-f7321baed120"},"type":"OpenApiConnection","inputs":{"host":{"apiId":"/providers/Microsoft.PowerApps/apis/shared_msnweather","connectionName":"shared_msnweather","operationId":"CurrentWeather"},"parameters":{"Location":"@body('Parse_JSON_-_GetConstituentAddress')?['postcode']","units":"I"},"authentication":"@parameters('$authentication')"}},"Get_forecast_for_today":{"runAfter":{"Get_current_weather":["Succeeded"]},"metadata":{"operationMetadataId":"1d1ad13f-df75-4ff5-a018-9f65b14e40e0"},"type":"OpenApiConnection","inputs":{"host":{"apiId":"/providers/Microsoft.PowerApps/apis/shared_msnweather","connectionName":"shared_msnweather","operationId":"TodaysForecast"},"parameters":{"Location":"@body('Parse_JSON_-_GetConstituentAddress')?['postcode']","units":"I"},"authentication":"@parameters('$authentication')"}},"Get_the_forecast_for_tomorrow":{"runAfter":{"Get_forecast_for_today":["Succeeded"]},"metadata":{"operationMetadataId":"35109970-a2b1-41f2-9b1d-5506ec35a1c2"},"type":"OpenApiConnection","inputs":{"host":{"apiId":"/providers/Microsoft.PowerApps/apis/shared_msnweather","connectionName":"shared_msnweather","operationId":"TomorrowsForecast"},"parameters":{"Location":"@body('Parse_JSON_-_GetConstituentAddress')?['postcode']","units":"I"},"authentication":"@parameters('$authentication')"}},"Compose_Adaptive_Card_JSON":{"runAfter":{"Get_the_forecast_for_tomorrow":["Succeeded"]},"metadata":{"operationMetadataId":"ccf8c604-7eca-4ff1-8a0b-78dccd49ee09"},"type":"Compose","inputs":{"type":"AdaptiveCard","body":[{"type":"TextBlock","text":"*All temperatures in Fahrenheit*","wrap":true},{"type":"TextBlock","size":"Medium","weight":"Bolder","text":"Current Weather for @{outputs('Get_current_weather')?['body/responses/source/location']}"},{"type":"FactSet","facts":[{"title":"Temperature","value":"@{outputs('Get_current_weather')?['body/responses/weather/current/temp']} @{outputs('Get_current_weather')?['body/units/temperature']}"},{"title":"Feels Like","value":"@{outputs('Get_current_weather')?['body/responses/weather/current/feels']} @{outputs('Get_current_weather')?['body/units/temperature']}"},{"title":"Current Conditions","value":"@{outputs('Get_current_weather')?['body/responses/weather/current/cap']}"}]},{"type":"TextBlock","size":"Medium","weight":"Bolder","text":"Forecast Today","separator":true},{"type":"FactSet","facts":[{"title":"Day","value":"@{outputs('Get_forecast_for_today')?['body/responses/daily/day/summary']}"},{"title":"Night","value":"@{outputs('Get_forecast_for_today')?['body/responses/daily/night/summary']}"}]},{"type":"TextBlock","size":"Medium","weight":"Bolder","text":"Forecast Tomorrow","separator":true},{"type":"FactSet","facts":[{"title":"Day","value":"@{outputs('Get_the_forecast_for_tomorrow')?['body/responses/daily/day/summary']}"},{"title":"Night","value":"@{outputs('Get_the_forecast_for_tomorrow')?['body/responses/daily/night/summary']}"}]},{"type":"TextBlock","text":"*Facilitated by Power Automate + Adaptive Card + SKY Add-In*","wrap":true,"separator":true}],"$schema":"http://adaptivecards.io/schemas/adaptive-card.json","version":"1.4"},"description":"Build the Adaptive Card JSON payload."},"Response_-_WeatherInfo":{"runAfter":{"Compose_Adaptive_Card_JSON":["Succeeded"]},"metadata":{"operationMetadataId":"7f77d0f6-4412-419a-85b5-5b461bdfc95d"},"type":"Response","kind":"Http","inputs":{"statusCode":200,"headers":{"Content-Type":"application/json"},"body":"@outputs('Compose_Adaptive_Card_JSON')"},"description":"Return the card definition back to the Adaptive Card Host SPA."},"Send_an_HTTP_request_-_ListConstituentAddress":{"runAfter":{},"metadata":{"operationMetadataId":"631886dc-ea97-4f09-95a6-a4f9d3161de8"},"type":"OpenApiConnection","inputs":{"host":{"apiId":"/providers/Microsoft.PowerApps/apis/shared_blackbaudskyaddins","connectionName":"shared_blackbaudskyaddins","operationId":"SendHttpRequest"},"parameters":{"body/method":"GET","body/path":"/@{variables('BBCRMorAltru')}-conmg/constituents/@{triggerBody()?['context']?['recordId']}/addresses"},"authentication":"@parameters('$authentication')"}},"Parse_JSON_-_ListConstituentAddress":{"runAfter":{"Send_an_HTTP_request_-_ListConstituentAddress":["Succeeded"]},"metadata":{"operationMetadataId":"a3502b18-ef0b-480e-8605-cd1b2ab2b2ca"},"type":"ParseJson","inputs":{"content":"@body('Send_an_HTTP_request_-_ListConstituentAddress')","schema":{"type":"object","properties":{"count":{"type":"integer","description":"The number of items available for retrieval into the collection after applying any request parameters.","format":"int32"},"value":{"type":"array","items":{"type":"object","properties":{"id":{"type":"string","description":"The id."},"contact_info":{"type":"string","description":"The contact information."},"type":{"type":"string","description":"The type."},"primary":{"type":"string","description":"The primary."},"do_not_contact":{"type":"string","description":"The do not contact."},"confidential":{"type":"boolean","description":"Indicates whether confidential."},"former":{"type":"boolean","description":"Indicates whether isformer."},"start_date":{"type":"string","description":"The start date.Uses the format YYYY-MM-DD. An example date: <i>2019-11-21</i>."},"end_date":{"type":"string","description":"The end date.Uses the format YYYY-MM-DD. An example date: <i>2019-11-21</i>."},"geocoded":{"type":"boolean","description":"Indicates whether isgeocoded."},"pending_geocode":{"type":"boolean","description":"Indicates whether pendinggeocode."},"invalid_geocode":{"type":"boolean","description":"Indicates whether invalidgeocode."},"map_context_id":{"type":"string","description":"The mapcontextid."},"image_key":{"type":"string","description":"The imagekey."}},"description":"ListConstituentAddress","x-display-name":"Contact Information Address List","x-display-id":"Contact Information Address List"},"description":"The set of items included in the response. This may be a subset of the items in the collection."}},"description":"Fetching data all at once quickly becomes unmanageable. The collection entity helps by returning paginated chunks of large data sets. This entity includes helpful metadata and properties to paginate and iterate through the data."}}},"Filter_array_-_ListConstituentAddress_-_Primary":{"runAfter":{"Parse_JSON_-_ListConstituentAddress":["Succeeded"]},"metadata":{"operationMetadataId":"e6b7f567-025c-4fe4-901e-d45f7a0f1d05"},"type":"Query","inputs":{"from":"@body('Parse_JSON_-_ListConstituentAddress')?['value']","where":"@equals(item()?['primary'], 'Yes')"}},"Parse_JSON_-_GetConstituentAddress":{"runAfter":{"Send_an_HTTP_request_-_GetConstituentAddress":["Succeeded"]},"metadata":{"operationMetadataId":"b53386a2-d354-4436-b8aa-d2962a572b86"},"type":"ParseJson","inputs":{"content":"@body('Send_an_HTTP_request_-_GetConstituentAddress')","schema":{"type":"object","properties":{"address_type":{"type":"string","description":"The type. This codetable can be queried at https://api.sky.blackbaud.com/crm-adnmg/codetables/addresstypecode/entries"},"address_block":{"maxLength":150,"minLength":0,"type":"string","description":"The address."},"city":{"maxLength":50,"minLength":0,"type":"string","description":"The city."},"state":{"type":"string","description":"The state. This simple list can be queried at https://api.sky.blackbaud.com/crm-adnmg/simplelists/7fa91401-596c-4f7c-936d-6e41683121d7?parameters=country_id,{country_id}."},"postcode":{"maxLength":12,"minLength":0,"type":"string","description":"The zip."},"country":{"type":"string","description":"The country. This simple list can be queried at https://api.sky.blackbaud.com/crm-adnmg/simplelists/c9649672-353d-42e8-8c25-4d34bbabfbba."},"cart":{"maxLength":10,"minLength":0,"type":"string","description":"The cart."},"dpc":{"maxLength":8,"minLength":0,"type":"string","description":"The dpc."},"lot":{"maxLength":5,"minLength":0,"type":"string","description":"The lot."},"start_date":{"type":"object","properties":{"month":{"type":"integer","description":"The month.","format":"int32"},"day":{"type":"integer","description":"The day.","format":"int32"}},"description":"MonthDay","x-display-name":"Month Day","x-display-id":"Month Day"},"end_date":{"type":"object","properties":{"month":{"type":"integer","description":"The month.","format":"int32"},"day":{"type":"integer","description":"The day.","format":"int32"}},"description":"MonthDay","x-display-name":"Month Day","x-display-id":"Month Day"},"primary":{"type":"boolean","description":"Indicates whether set as primary address."},"do_not_mail":{"type":"boolean","description":"Indicates whether do not send mail to this address."},"omit_from_validation":{"type":"boolean","description":"Indicates whether omit this address from validation."},"county":{"type":"string","description":"The county. This codetable can be queried at https://api.sky.blackbaud.com/crm-adnmg/codetables/countycode/entries"},"congressional_district":{"type":"string","description":"The congressional district. This codetable can be queried at https://api.sky.blackbaud.com/crm-adnmg/codetables/congressionaldistrictcode/entries"},"state_house_district":{"type":"string","description":"The state house district. This codetable can be queried at https://api.sky.blackbaud.com/crm-adnmg/codetables/statehousedistrictcode/entries"},"state_senate_district":{"type":"string","description":"The state senate district. This codetable can be queried at https://api.sky.blackbaud.com/crm-adnmg/codetables/statesenatedistrictcode/entries"},"local_precinct":{"type":"string","description":"The local precinct. This codetable can be queried at https://api.sky.blackbaud.com/crm-adnmg/codetables/localprecinctcode/entries"},"info_source":{"type":"string","description":"The information source. This codetable can be queried at https://api.sky.blackbaud.com/crm-adnmg/codetables/infosourcecode/entries"},"region":{"type":"string","description":"The region. This codetable can be queried at https://api.sky.blackbaud.com/crm-adnmg/codetables/regioncode/entries"},"last_validation_attempt_date":{"type":"string","description":"The last attempt.Uses the format YYYY-MM-DD. An example date: <i>2019-11-21</i>."},"validation_message":{"maxLength":200,"minLength":0,"type":"string","description":"The validation message."},"certification_data":{"type":"integer","description":"The certification data.","format":"int32"},"ncoa_last_submit_date":{"type":"string","description":"The last submit date. Read-only in the SOAP API.Uses the format YYYY-MM-DD. An example date: <i>2019-11-21</i>."},"ncoa_return":{"maxLength":150,"minLength":0,"type":"string","description":"The return code. Read-only in the SOAP API."},"ncoa_footnote":{"maxLength":150,"minLength":0,"type":"string","description":"The footnote. Read-only in the SOAP API."},"ncoa_dpv_footnote":{"maxLength":150,"minLength":0,"type":"string","description":"The dpv footnote. Read-only in the SOAP API."},"ncoa_move_date":{"type":"object","properties":{"year":{"type":"integer","description":"The year.","format":"int32"},"month":{"type":"integer","description":"The month.","format":"int32"},"day":{"type":"integer","description":"The day.","format":"int32"}},"description":"FuzzyDate","x-display-name":"Month Day","x-display-id":"Month Day"},"ncoa_dma_suppression":{"type":"boolean","description":"Indicates whether dma suppression. Read-only in the SOAP API."},"ncoa_mail_grade":{"maxLength":150,"minLength":0,"type":"string","description":"The mail grade. Read-only in the SOAP API."},"zip_lookup_countries":{"type":"array","items":{"type":"object","properties":{"country_id":{"type":"string","description":"countryid"},"country_name":{"type":"string","description":"name"}},"description":"ConstituentAddressZiplookupcountries","x-display-name":"zip_lookup_countries","x-display-id":"zip_lookup_countries"},"description":"zip_lookup_countries"},"validation_countries":{"type":"array","items":{"type":"object","properties":{"country_id":{"type":"string","description":"countryid"},"browsable":{"type":"boolean","description":"browsable"}},"description":"ConstituentAddressValidationcountries","x-display-name":"validation_countries","x-display-id":"validation_countries"},"description":"validation_countries"},"update_contacts":{"type":"boolean","description":"Indicates whether update contacts that use this address."},"has_contacts":{"type":"boolean","description":"Indicates whether has contacts. Read-only in the SOAP API."},"do_not_mail_reason":{"type":"string","description":"The reason. This codetable can be queried at https://api.sky.blackbaud.com/crm-adnmg/codetables/donotmailreasoncode/entries"},"household":{"type":"boolean","description":"Indicates whether household. Read-only in the SOAP API."},"household_member":{"type":"boolean","description":"Indicates whether household member. Read-only in the SOAP API."},"update_matching_household_addresses":{"type":"boolean","description":"Indicates whether update matching addresses in household."},"matching_household_members":{"type":"array","items":{"type":"object","properties":{"constituent_id":{"type":"string","description":"constituent id"},"name":{"type":"string","description":"household member"},"relationship_to_primary":{"type":"string","description":"relationship to primary"}},"description":"ConstituentAddressMatchinghouseholdmembers","x-display-name":"matching_household_members","x-display-id":"matching_household_members"},"description":"matching_household_members"},"historical_start_date":{"type":"string","description":"The start date.Uses the format YYYY-MM-DD. An example date: <i>2019-11-21</i>."},"historical_end_date":{"type":"string","description":"The end date.Uses the format YYYY-MM-DD. An example date: <i>2019-11-21</i>."},"date_added":{"type":"string","description":"The date added. Read-only in the SOAP API.Uses the format YYYY-MM-DD. An example date: <i>2019-11-21</i>."},"info_source_comments":{"maxLength":256,"minLength":0,"type":"string","description":"The comments."},"confidential":{"type":"boolean","description":"Indicates whether this address is confidential."},"constituent_data_review_rollback_reason":{"type":"string","description":"The reason. This simple list can be queried at https://api.sky.blackbaud.com/crm-adnmg/simplelists/484441bc-f0e6-4f5f-a6bf-49f02881dd13."},"forced_primary":{"type":"boolean","description":"Indicates whether forced primary. Read-only in the SOAP API."},"can_edit_primary":{"type":"boolean","description":"Indicates whether can edit primary. Read-only in the SOAP API."},"invalid_fields":{"maxLength":256,"minLength":0,"type":"string","description":"The invalid fields. Read-only in the SOAP API."},"origin":{"type":"string","description":"The origin. Read-only in the SOAP API. Available values are <i>user</i>, <i>web forms</i>"}},"description":"GetConstituentAddress","x-display-name":"Address Edit Form 4","x-display-id":"Address Edit Form 4"}}},"Send_an_HTTP_request_-_GetConstituentAddress":{"runAfter":{"Filter_array_-_ListConstituentAddress_-_Primary":["Succeeded"]},"metadata":{"operationMetadataId":"62a7d311-c6f8-4faf-a75a-e12d9731ecc1"},"type":"OpenApiConnection","inputs":{"host":{"apiId":"/providers/Microsoft.PowerApps/apis/shared_blackbaudskyaddins","connectionName":"shared_blackbaudskyaddins","operationId":"SendHttpRequest"},"parameters":{"body/method":"GET","body/path":"/@{variables('BBCRMorAltru')}-conmg/addresses/@{first(body('Filter_array_-_ListConstituentAddress_-_Primary'))?['id']}"},"authentication":"@parameters('$authentication')"}}},"runAfter":{"Initialize_variable_-_BBCRMorAltru":["Succeeded"]},"metadata":{"operationMetadataId":"3e30ac35-5032-43ff-8684-594c078d1340"},"type":"Scope","description":"Taking the route of List Constituent Addresses, Filtering, and then getting specific address in order to not have to distinguish between individual and organization. "},"Response_-_NoInfo":{"runAfter":{"Scope_-_GetWeather":["Failed","Skipped","TimedOut"]},"metadata":{"operationMetadataId":"7f77d0f6-4412-419a-85b5-5b461bdfc95d"},"type":"Response","kind":"Http","inputs":{"statusCode":200,"headers":{"Content-Type":"application/json"},"body":{"type":"AdaptiveCard","$schema":"http://adaptivecards.io/schemas/adaptive-card.json","version":"1.6","body":[{"type":"TextBlock","text":"No Data Available","wrap":true,"horizontalAlignment":"Center","style":"heading","color":"Warning"},{"type":"TextBlock","text":"An error has occured or no Primary Postal Code Available","wrap":true,"horizontalAlignment":"Center"}]}},"description":"Return the card definition back to the Adaptive Card Host SPA."},"README_-_ACTION_REQUIRED_-_OPEN_UP_THIS_PART_OF_THE_FLOW":{"actions":{"SCOPE_OF_SUPPORT_-_README":{"runAfter":{},"metadata":{"operationMetadataId":"2a9fed97-d5c9-473a-acda-40392530b61a"},"type":"Compose","inputs":"This part of the flow has no impact on the output, but does have key information. \n* If you're new to working with Power Automate, or Blackabud related actions in Power Automate, see our Getting Started Guide at https://docs.blackbaud.com/microsoft-connectors-docs/microsoft-power-platform/getting-started\n\n* For instructions on how to setup this specific flow as well as support options available, see https://github.com/glenhutson/BlackbaudCustomizations/tree/main/BBCRM-Altru/BBCRM-Altru-ConstituentWeather\n\n* THE SOFTWARE IS PROVIDED \"AS IS\", WITHOUT WARRANTY OF ANY KIND, EXPRESS OR IMPLIED, INCLUDING BUT NOT LIMITED TO THE WARRANTIES OF MERCHANTABILITY, FITNESS FOR A PARTICULAR PURPOSE AND NONINFRINGEMENT. IN NO EVENT SHALL THE AUTHORS OR COPYRIGHT HOLDERS BE LIABLE FOR ANY CLAIM, DAMAGES OR OTHER LIABILITY, WHETHER IN AN ACTION OF CONTRACT, TORT OR OTHERWISE, ARISING FROM, OUT OF OR IN CONNECTION WITH THE SOFTWARE OR THE USE OR OTHER DEALINGS IN THE SOFTWARE.\n\n!!!!!!!!!! IMPORTANT !!!!!!!!!!\nOnce you have read and understand the above, remove the \"Terminate\" action immediately below to enable this flow.  "},"Terminate":{"runAfter":{"SCOPE_OF_SUPPORT_-_README":["Succeeded"]},"metadata":{"operationMetadataId":"f8b10394-7c22-4d48-bb14-3e47a4eccfaa"},"type":"Terminate","inputs":{"runStatus":"Failed"}}},"runAfter":{},"metadata":{"operationMetadataId":"69426340-3c5a-4c1c-b6ad-b237c42a1561"},"type":"Scope"},"Initialize_variable_-_BBCRMorAltru":{"runAfter":{"Validate_a_user_identity_token":["Succeeded"]},"metadata":{"operationMetadataId":"f89a0302-8907-4264-a5aa-9b522ace57a9"},"type":"InitializeVariable","inputs":{"variables":[{"name":"BBCRMorAltru","type":"string","value":"crm"}]},"description":"For BBCRM customers, use the value \"crm\" (default).  For Altru customers, switch to \"alt\""}},"outputs":{},"description":"Gathers weather data based on Constituent Location."},"connectionReferences":{"shared_blackbaudskyaddins":{"connectionName":"shared-blackbaudskya-53f8ea73-1860-4931-8de3-975a422f87e6","source":"Embedded","id":"/providers/Microsoft.PowerApps/apis/shared_blackbaudskyaddins","tier":"NotSpecified"},"shared_msnweather":{"connectionName":"20aa49f8a41141b79301afe55292237b","source":"Embedded","id":"/providers/Microsoft.PowerApps/apis/shared_msnweather","tier":"NotSpecified"}},"flowFailureAlertSubscribed":false,"isManaged":false}}