{"name":"9fc69613-6c1e-4043-bcdd-14f96fb8742e","id":"/providers/Microsoft.Flow/flows/9fc69613-6c1e-4043-bcdd-14f96fb8742e","type":"Microsoft.Flow/flows","properties":{"apiId":"/providers/Microsoft.PowerApps/apis/shared_logicflows","displayName":"RENXT-Portal-Email-Preferences-Form-AC-V1","definition":{"metadata":{"workflowEntityId":null,"processAdvisorMetadata":null,"flowChargedByPaygo":null,"flowclientsuspensionreason":"None","flowclientsuspensiontime":null,"flowclientsuspensionreasondetails":null,"creator":{"id":"f756b54d-1e20-4c1e-a5f6-009521a76ac1","type":"User","tenantId":"31fa3fc8-0d67-4b00-8f5a-3a9a69c281b8"},"provisioningMethod":"FromDefinition","failureAlertSubscription":true,"clientLastModifiedTime":"2023-07-06T23:41:15.0269003Z"},"$schema":"https://schema.management.azure.com/providers/Microsoft.Logic/schemas/2016-06-01/workflowdefinition.json#","contentVersion":"1.0.0.0","parameters":{"$connections":{"defaultValue":{},"type":"Object"},"$authentication":{"defaultValue":{},"type":"SecureObject"}},"triggers":{"manual":{"metadata":{"operationMetadataId":"064803c2-c422-4be5-9d35-6fbe19898630"},"type":"Request","kind":"Http","inputs":{"schema":{"type":"object","properties":{"uit":{"type":"string"},"context":{"type":"object","properties":{"recordId":{"type":"string"}}}}}},"description":"The flow will be triggered with context values provided by the Blackbaud host application."}},"actions":{"Validate_a_user_identity_token":{"runAfter":{"README_-_ACTION_REQUIRED_-_OPEN_UP_THIS_PART_OF_THE_FLOW":["Succeeded"]},"metadata":{"operationMetadataId":"e48cc9db-d688-420a-80e4-003a24018f61"},"type":"OpenApiConnection","inputs":{"host":{"apiId":"/providers/Microsoft.PowerApps/apis/shared_blackbaudskyaddins","connectionName":"shared_blackbaudskyaddins_1","operationId":"ValidateUserIdentityToken"},"parameters":{"body/uit":"@triggerBody()?['uit']","body/application_id":"aca76b2e-f9dc-4b33-95a6-65f6718c2874"},"authentication":"@parameters('$authentication')"},"description":"Ensure that the user identity token was issued to the SKY application that triggered the flow."},"Compose_Adaptive_Card_JSON":{"runAfter":{"Compose_-_Footer":["Succeeded"]},"metadata":{"operationMetadataId":"ccf8c604-7eca-4ff1-8a0b-78dccd49ee09"},"type":"Compose","inputs":{"$schema":"http://adaptivecards.io/schemas/adaptive-card.json","type":"AdaptiveCard","version":"1.4","body":"@union(outputs('Compose_-_AdaptiveCardIntro'),body('Select_-_CreateAdaptiveCardInputChoiceSets'),outputs('Compose_-_GlobalEmailPreference'),outputs('Compose_-_AdaptiveCardActions'),outputs('Compose_-_Footer'))"},"description":"Build the Adaptive Card JSON payload. - Combines the individual content arrays. "},"Response":{"runAfter":{"Compose_Adaptive_Card_JSON":["Succeeded"]},"metadata":{"operationMetadataId":"7f77d0f6-4412-419a-85b5-5b461bdfc95d"},"type":"Response","kind":"Http","inputs":{"statusCode":200,"headers":{"Content-Type":"application/json"},"body":"@outputs('Compose_Adaptive_Card_JSON')"},"description":"Return the card definition back to the Adaptive Card Host SPA."},"Scope_-_AssembleConsentOptions":{"actions":{"List_constituent_consent_records":{"runAfter":{},"metadata":{"operationMetadataId":"8c180527-040c-4e16-ac8d-290515a1a6b1"},"type":"OpenApiConnection","inputs":{"host":{"apiId":"/providers/Microsoft.PowerApps/apis/shared_blackbaudconstituent","connectionName":"shared_blackbaudconstituent","operationId":"ListConstituentConsents"},"parameters":{"constituent_id":"@outputs('Compose_-_ManualUITDecode')?['1bb.ptlpn']","most_recent_only":true},"authentication":"@parameters('$authentication')"},"description":"Gets the constituent's current options in order to set the defaults. "},"Filter_array_-_EmailConstituentConsentRecords":{"runAfter":{"Get_a_constituent":["Succeeded"]},"metadata":{"operationMetadataId":"6fe4ad61-102c-4a02-a224-36e0f2771a22"},"type":"Query","inputs":{"from":"@outputs('List_constituent_consent_records')?['body/value']","where":"@equals(item()?['channel'], 'Email')"},"description":"We're only dealing with the Email Channel Here"},"Get_a_constituent":{"runAfter":{"List_constituent_consent_records":["Succeeded"]},"metadata":{"operationMetadataId":"9ac3bc5f-88c1-4ea1-9e7f-1ae80b6b03a1"},"type":"OpenApiConnection","inputs":{"host":{"apiId":"/providers/Microsoft.PowerApps/apis/shared_blackbaudconstituent","connectionName":"shared_blackbaudconstituent","operationId":"GetConstituent"},"parameters":{"constituent_id":"@outputs('Compose_-_ManualUITDecode')?['1bb.ptlpn']"},"authentication":"@parameters('$authentication')"},"description":"This is where the \"requests no email\" is stored. "},"Select_-_ReshapeEmailSettings":{"runAfter":{"Filter_array_-_EmailConstituentConsentRecords":["Succeeded"]},"metadata":{"operationMetadataId":"3c871121-e4b9-4e43-9617-d9a92a09117c"},"type":"Select","inputs":{"from":"@body('Filter_array_-_EmailConstituentConsentRecords')","select":{"@{item()?['category']}":"@item()"}},"description":"This \"promotes\" the category to a parent object to make it easier to locate. "},"Compose_-_ArrayToObject":{"runAfter":{"Select_-_ReshapeEmailSettings":["Succeeded"]},"metadata":{"operationMetadataId":"914e2cd6-dbc0-4c25-8883-2d3df95d7e70"},"type":"Compose","inputs":"@first(json(replace(string(body('Select_-_ReshapeEmailSettings')), '},{', ',')))","description":"Above output is an array of objects.  This turns it into a single object.  "},"Compose_-_ChoicesArray":{"runAfter":{"Compose_-_ArrayToObject":["Succeeded"]},"metadata":{"operationMetadataId":"76294df1-bb99-4b8a-a02c-7211666eef14"},"type":"Compose","inputs":[{"title":"OptIn","value":"OptIn"},{"title":"OptOut","value":"OptOut"},{"title":"Please choose a response","value":"NoResponse"}],"description":"The Select item can garble the Choices Options, so splitting it out into a separate compose.  "},"Select_-_CreateAdaptiveCardInputChoiceSets":{"runAfter":{"Compose_-_ChoicesArray":["Succeeded"]},"metadata":{"operationMetadataId":"d4d7623e-79c0-4640-b6f2-2f63da03303c"},"type":"Select","inputs":{"from":"@outputs('Compose_-_TargetEmailCategories')","select":{"type":"Input.ChoiceSet","choices":"@outputs('Compose_-_ChoicesArray')","value":"@{coalesce(outputs('Compose_-_ArrayToObject')?[item()]?['constituent_consent_response'], 'NoResponse')}","id":"cat_@{item()}","label":"@{item()}"}}}},"runAfter":{"Compose_-_AdaptiveCardIntro":["Succeeded"]},"metadata":{"operationMetadataId":"a283abb9-9ce0-4442-9ee0-89779a675c5b"},"type":"Scope","description":"This fetches the existing Email consent records and does some reshaping using Selects.  The result is in pre-filling options with existing selections or defaulting to \"NoResponse\" if none on file. "},"Compose_-_ManualUITDecode":{"runAfter":{"STOP_HERE!":["Succeeded"]},"metadata":{"operationMetadataId":"398b2a1d-4a68-407f-9085-3547de0ebe4c"},"type":"Compose","inputs":"@json(if(\n equals(mod(length(split(triggerBody()?['uit'],'.')[1]),4),0),\n decodeBase64(split(triggerBody()?['uit'],'.')[1]),\n decodeBase64(concat(split(triggerBody()?['uit'],'.')[1],take('===',sub(4,mod(length(split(triggerBody()?['uit'],'.')[1]),4)))))\n))","description":"Portal User / Constituent System Record ID is \"1bb.ptlpn\" which isn't returned by the standard Validate a user identity token action, so we have to decode it manually to get to it. "},"Compose_-_AdaptiveCardActions":{"runAfter":{"Compose_-_GlobalEmailPreference":["Succeeded"]},"metadata":{"operationMetadataId":"56efc1b4-6e36-4773-8ed5-8da2edc56f5d"},"type":"Compose","inputs":[{"type":"ActionSet","actions":[{"type":"Action.Webrequest","title":"Submit","url":"@{outputs('Compose_-_ProcessingURL')}","data":{"constituent_id":"@{outputs('Compose_-_ManualUITDecode')?['1bb.ptlpn']}","TargetEmailCategories":"@outputs('Compose_-_TargetEmailCategories')","privacy_notice":"@{outputs('Compose_-_PrivacyNoticeURL')}","consent_statement":"@{outputs('Compose_-_ConsentStatement')}","source":"@{outputs('Compose_-_Source')}","consent_date":"@{body('Convert_time_zone')}","global_email_statement":"@{outputs('Compose_-_GlobalEmailPreferenceStatement')}"}}]}],"description":"KEEP THIS in an Array, even if you only end up with one item. "},"Compose_-_AdaptiveCardIntro":{"runAfter":{"Compose_-_ManualUITDecode":["Succeeded"]},"metadata":{"operationMetadataId":"9c6f5c75-e311-4727-99f6-2d78e368b949"},"type":"Compose","inputs":[{"type":"TextBlock","text":"Email Communication Preferences","wrap":true,"id":"Header","size":"large"},{"type":"TextBlock","text":"@{outputs('Compose_-_ConsentStatement')} See our privacy policy at [@{outputs('Compose_-_PrivacyNoticeURL')}](@{outputs('Compose_-_PrivacyNoticeURL')}).","wrap":true,"id":"ConsentStatement"}],"description":"KEEP THIS in an Array, even if you only end up with one item. "},"Convert_time_zone":{"runAfter":{"Validate_a_user_identity_token":["Succeeded"]},"metadata":{"operationMetadataId":"14c71e8d-bce7-45a0-a98a-30c55ad0c88c"},"type":"Expression","kind":"ConvertTimeZone","inputs":{"baseTime":"@{utcNow()}","formatString":"s","sourceTimeZone":"UTC","destinationTimeZone":"Eastern Standard Time"}},"Compose_-_ConsentStatement":{"runAfter":{"Compose_-_Source":["Succeeded"]},"metadata":{"operationMetadataId":"27bff505-de6c-4c4d-b2a9-961165042ba6"},"type":"Compose","inputs":"By selecting the options below, you hereby give or remove your consent to receive the indicated types of email communication. Your prior choices are already selected if applicable."},"Compose_-_TargetEmailCategories":{"runAfter":{"Convert_time_zone":["Succeeded"]},"metadata":{"operationMetadataId":"f489b971-c08e-4f35-b29a-0b90b3fe69be"},"type":"Compose","inputs":["Newsletter","Events","Volunteering"],"description":"Enter the Email Categories you wish to display as an array exactly as they appear in Raiser's Edge NXT.  You MUST have a mapping setup in the DB View Business Rules -> Consent.   Example Array: [\"Newsletter\", \"Events\"]"},"Compose_-_PrivacyNoticeURL":{"runAfter":{"Compose_-_ProcessingURL":["Succeeded"]},"metadata":{"operationMetadataId":"5e5224fb-5595-4dde-a68e-401548e25b2a"},"type":"Compose","inputs":"##INSERT URL TO YOUR PRIVACY POLICY HERE##"},"Compose_-_Source":{"runAfter":{"Compose_-_PrivacyNoticeURL":["Succeeded"]},"metadata":{"operationMetadataId":"11aec5b6-956b-4f84-9cb2-bd2e28604159"},"type":"Compose","inputs":"Portal (Power)"},"Compose_-_GlobalEmailPreference":{"runAfter":{"Scope_-_AssembleConsentOptions":["Succeeded"]},"metadata":{"operationMetadataId":"3ff09c24-e16a-4070-a464-c6464d1838f8"},"type":"Compose","inputs":[{"type":"TextBlock","text":"Global Email Preference","wrap":true,"id":"GlobalEmailPreferenceHeader","separator":true,"size":"Large"},{"type":"Input.Toggle","label":"@{outputs('Compose_-_GlobalEmailPreferenceStatement')}","title":"Opt out of all marketing communication","id":"requests_no_email","valueOn":true,"valueOff":false,"value":"@outputs('Get_a_constituent')?['body/requests_no_email']"}]},"Compose_-_GlobalEmailPreferenceStatement":{"runAfter":{"Compose_-_ConsentStatement":["Succeeded"]},"metadata":{"operationMetadataId":"0ad150b7-157c-46c7-800c-4eb4c36d7891"},"type":"Compose","inputs":"Check this box to be **removed** from all marketing communication.  You may still recieve transactional emails such as confirmation of a donation, event registration, or giving statements. This will override the above individual selections. "},"STOP_HERE!":{"runAfter":{"Compose_-_Footer_-_Text":["Succeeded"]},"metadata":{"operationMetadataId":"3f0e6b06-2243-4dcf-ac93-fb0da77594dc"},"type":"Compose","inputs":"You should not need to update anything beyond this point. "},"Compose_-_Footer_-_Text":{"runAfter":{"Compose_-_GlobalEmailPreferenceStatement":["Succeeded"]},"metadata":{"operationMetadataId":"f285c144-006b-4dd6-a2aa-a6264e2e5c78"},"type":"Compose","inputs":"If you've opted into emails and find that you're not receiving any, please contact us directly for assistance."},"Compose_-_Footer":{"runAfter":{"Compose_-_AdaptiveCardActions":["Succeeded"]},"metadata":{"operationMetadataId":"c0112c76-ae3b-4968-87b7-28257934b54f"},"type":"Compose","inputs":[{"type":"TextBlock","text":"@{outputs('Compose_-_Footer_-_Text')}","wrap":true,"id":"footer"}]},"Compose_-_ProcessingURL":{"runAfter":{"Compose_-_TargetEmailCategories":["Succeeded"]},"metadata":{"operationMetadataId":"cdecdec4-d295-40c7-ac76-1a76a956bf90"},"type":"Compose","inputs":"##INSERT URL FROM THE SUBMISSION FLOW HERE##","description":"The URL for the flow that will be processing the selections. "},"README_-_ACTION_REQUIRED_-_OPEN_UP_THIS_PART_OF_THE_FLOW":{"actions":{"SCOPE_OF_SUPPORT_-_README":{"runAfter":{},"metadata":{"operationMetadataId":"2a9fed97-d5c9-473a-acda-40392530b61a"},"type":"Compose","inputs":"This part of the flow has no impact on the output, but does have key information. \n* If you're new to working with Power Automate, or Blackabud related actions in Power Automate, see our Getting Started Guide at https://docs.blackbaud.com/microsoft-connectors-docs/microsoft-power-platform/getting-started\n\n* For instructions on how to setup this specific flow as well as support options available, see the README at https://github.com/glenhutson/BlackbaudCustomizations/tree/main/Raiser's-Edge-NXT/RENXT%20Portal%20Email%20Preferences . \n\n* THE SOFTWARE IS PROVIDED \"AS IS\", WITHOUT WARRANTY OF ANY KIND, EXPRESS OR IMPLIED, INCLUDING BUT NOT LIMITED TO THE WARRANTIES OF MERCHANTABILITY, FITNESS FOR A PARTICULAR PURPOSE AND NONINFRINGEMENT. IN NO EVENT SHALL THE AUTHORS OR COPYRIGHT HOLDERS BE LIABLE FOR ANY CLAIM, DAMAGES OR OTHER LIABILITY, WHETHER IN AN ACTION OF CONTRACT, TORT OR OTHERWISE, ARISING FROM, OUT OF OR IN CONNECTION WITH THE SOFTWARE OR THE USE OR OTHER DEALINGS IN THE SOFTWARE.\n\n!!!!!!!!!! IMPORTANT !!!!!!!!!!\nOnce you have read and understand the above, remove the \"Terminate\" action immediately below to enable this flow.  "},"Terminate":{"runAfter":{"SCOPE_OF_SUPPORT_-_README":["Succeeded"]},"metadata":{"operationMetadataId":"79992b08-b581-4abb-8cde-819bc99e9c97"},"type":"Terminate","inputs":{"runStatus":"Failed"}}},"runAfter":{},"metadata":{"operationMetadataId":"69426340-3c5a-4c1c-b6ad-b237c42a1561"},"type":"Scope"}},"outputs":{},"description":"Displays an Adaptive Card in the RENXT Donor Portal for a constituent to update email preferences.  Pulls existing selections for defaults."},"connectionReferences":{"shared_blackbaudskyaddins_1":{"connectionName":"shared-blackbaudskya-23e5342a-504c-4940-8228-478661914aee","source":"Embedded","id":"/providers/Microsoft.PowerApps/apis/shared_blackbaudskyaddins","tier":"NotSpecified"},"shared_blackbaudconstituent":{"connectionName":"shared-blackbaudcons-179ea828-1f39-4338-8ac4-05629a670a15","source":"Embedded","id":"/providers/Microsoft.PowerApps/apis/shared_blackbaudconstituent","tier":"NotSpecified"}},"flowFailureAlertSubscribed":false,"isManaged":false}}