{"name":"2b5e57eb-1da6-43e5-a9fc-bfaf6649609d","id":"/providers/Microsoft.Flow/flows/2b5e57eb-1da6-43e5-a9fc-bfaf6649609d","type":"Microsoft.Flow/flows","properties":{"apiId":"/providers/Microsoft.PowerApps/apis/shared_logicflows","displayName":"FENXT-GL-BatchApprovalNotification-SHR-V1","definition":{"metadata":{"workflowEntityId":null,"processAdvisorMetadata":null,"flowclientsuspensionreason":"None","flowclientsuspensiontime":null,"flowclientsuspensionreasondetails":null,"creator":{"id":"f756b54d-1e20-4c1e-a5f6-009521a76ac1","type":"User","tenantId":"31fa3fc8-0d67-4b00-8f5a-3a9a69c281b8"},"provisioningMethod":"FromDefinition","failureAlertSubscription":true,"clientLastModifiedTime":"2023-01-05T14:49:55.3988583Z"},"$schema":"https://schema.management.azure.com/providers/Microsoft.Logic/schemas/2016-06-01/workflowdefinition.json#","contentVersion":"1.0.0.0","parameters":{"$connections":{"defaultValue":{},"type":"Object"},"$authentication":{"defaultValue":{},"type":"SecureObject"}},"triggers":{"Recurrence":{"recurrence":{"frequency":"Day","interval":1,"timeZone":"Eastern Standard Time","schedule":{"hours":["8"]}},"metadata":{"operationMetadataId":"0faec602-c406-4e09-8758-dd371b8d731a"},"type":"Recurrence"}},"actions":{"Send_an_HTTP_request_-_JEBatchesPendingApproval":{"runAfter":{"Initialize_variable_-_CSS":["Succeeded"]},"metadata":{"operationMetadataId":"4bd046b6-16a8-490a-83e3-21e20415c975"},"type":"OpenApiConnection","inputs":{"host":{"apiId":"/providers/Microsoft.PowerApps/apis/shared_blackbaudskyaddins","connectionName":"shared_blackbaudskyaddins_1","operationId":"SendHttpRequest"},"parameters":{"body/method":"GET","body/path":"/generalledger/v1/journalentrybatches","body/query":{"status":"@{variables('BatchStatus')}"}},"authentication":"@parameters('$authentication')"}},"Initialize_variable_-_CSS":{"runAfter":{"Compose_-_STOP_HERE_-_README":["Succeeded"]},"metadata":{"operationMetadataId":"cc3dca1c-6cca-409b-bc96-da85e38de576"},"type":"InitializeVariable","inputs":{"variables":[{"name":"CSS","type":"string","value":"<style>\n    @font-face {\n        font-family: \"Blackbaud Sans\";\n        font-style: normal;\n        font-weight: 400;\n        src: url(\"https://sky.blackbaudcdn.net/skyux-fonts/1.0.1/blackbaud-sans.woff\") format(\"woff\");\n    }\n    \n    @font-face {\n        font-family: \"Blackbaud Sans\";\n        font-style: normal;\n        font-weight: 600;\n        src: url(\"https://sky.blackbaudcdn.net/skyux-fonts/1.0.1/blackbaud-sans-semi-bold.woff\") format(\"woff\");\n    }\n    \n    @font-face {\n        font-family: \"Blackbaud Sans\";\n        font-style: normal;\n        font-weight: 700;\n        src: url(\"https://sky.blackbaudcdn.net/skyux-fonts/1.0.1/blackbaud-sans-bold.woff\") format(\"woff\");\n    }\n    \n    @font-face {\n        font-family: \"Blackbaud Sans\";\n        font-style: italic;\n        font-weight: 400;\n        src: url(\"https://sky.blackbaudcdn.net/skyux-fonts/1.0.1/blackbaud-sans-italic.woff\") format(\"woff\");\n    }\n    \n    @font-face {\n        font-family: \"Blackbaud Sans\";\n        font-style: normal;\n        font-weight: 300;\n        src: url(\"https://sky.blackbaudcdn.net/skyux-fonts/1.0.1/blackbaud-sans-light.woff\") format(\"woff\");\n    }\n    \n    @font-face {\n        font-family: \"Blackbaud Sans\";\n        font-style: normal;\n        font-weight: 100;\n        src: url(\"https://sky.blackbaudcdn.net/skyux-fonts/1.0.1/blackbaud-sans-thin.woff\") format(\"woff\");\n    }\n    \n    @font-face {\n        font-family: \"Blackbaud Sans Condensed\";\n        font-style: normal;\n        font-weight: 300;\n        src: url(\"https://sky.blackbaudcdn.net/skyux-fonts/1.0.1/blackbaud-sans-condensed-light.woff\") format(\"woff\");\n    }\n    \n    @font-face {\n        font-family: \"Blackbaud Sans Condensed\";\n        font-style: normal;\n        font-weight: 600;\n        src: url(\"https://sky.blackbaudcdn.net/skyux-fonts/1.0.1/blackbaud-sans-condensed-semi-bold.woff\") format(\"woff\");\n    }\n    \n    body,\n    form,\n    html {\n        font-size: 15px;\n        font-family: \"Blackbaud Sans\", \"Helvetica Neue\", Arial, sans-serif;\n    }\n    \n    body {\n        background-color: #ffffff;\n        color: #212327;\n    }\n    \n    h1,\n    h2,\n    h3,\n    h4,\n    h5,\n    h6 {\n        font-weight: 400;\n        line-height: 1.1;\n    }\n    \n    h2 {\n        font-size: 26px;\n        font-weight: 300;\n    }\n    \n    h3 {\n        font-size: 19px;\n        color: #686c73;\n    }\n    \n    h4 {\n        font-size: 14px;\n    }\n    \n    h5 {\n        font-size: 12px;\n    }\n    \n    h6 {\n        font-size: 10px;\n    }\n    \n    h4,\n    h5,\n    h6 {\n        font-weight: 600;\n    }\n    \n    h1 {\n        font-size: 34px;\n        font-weight: 300;\n    }\n    \n    [hidden] {\n        display: none !important;\n    }\n    \n    a {\n        color: #0974a1;\n        text-decoration: none;\n        cursor: pointer;\n    }\n    \n    a:hover {\n        color: #065171;\n        text-decoration: underline;\n    }\n    \n    .sky-pull-right {\n        float: right;\n    }\n    \n    .sky-list-unstyled {\n        list-style: none;\n        padding: 0;\n    }\n    \n    .sky-list-unstyled li {\n        padding-bottom: 5px;\n    }\n    \n    mark.sky-highlight-mark {\n        background-color: #fbb034;\n        color: #212327;\n    }\n    \n    .sky-rounded-corners {\n        border-radius: 3px;\n    }\n    \n    .sky-rounded-circle {\n        border-radius: 50%;\n    }\n    \n    .sky-shadow {\n        box-shadow: 0px 0px 5px 0 rgba(0, 0, 0, 0.3);\n    }\n    \n    .sky-field-status-active {\n        box-shadow: 0 0 8px rgba(0, 180, 241, 0.6);\n        border: 1px solid #00b4f1;\n        outline: none;\n    }\n    \n    .sky-field-status-invalid {\n        box-shadow: 0 0 8px rgba(239, 64, 68, 0.6);\n        border: 1px solid #ef4044;\n        outline: none;\n    }\n    \n    .sky-field-status-success {\n        box-shadow: 0 0 8px rgba(114, 191, 68, 0.6);\n        border: 1px solid #72bf44;\n        outline: none;\n    }\n    \n    .sky-page-heading {\n        font-family: \"Blackbaud Sans Condensed\", \"Helvetica Neue Condensed\", \"Arial Narrow\";\n        color: #212327;\n        font-weight: 300;\n        font-size: 34px;\n    }\n    \n    .sky-section-heading {\n        font-family: \"Blackbaud Sans Condensed\", \"Helvetica Neue Condensed\", \"Arial Narrow\";\n        color: #212327;\n        font-weight: 300;\n        font-size: 26px;\n    }\n    \n    .sky-subsection-heading {\n        font-family: \"Blackbaud Sans\", \"Helvetica Neue\", Arial, sans-serif;\n        color: #686c73;\n        font-weight: 300;\n        font-size: 19px;\n    }\n    \n    .sky-headline {\n        font-family: \"Blackbaud Sans Condensed\", \"Helvetica Neue Condensed\", \"Arial Narrow\";\n        color: #212327;\n        font-weight: 600;\n        font-size: 22px;\n    }\n    \n    .sky-emphasized {\n        font-family: \"Blackbaud Sans\", \"Helvetica Neue\", Arial, sans-serif;\n        color: #212327;\n        font-weight: 600;\n        font-size: 16px;\n    }\n    \n    .sky-deemphasized {\n        font-family: \"Blackbaud Sans\", \"Helvetica Neue\", Arial, sans-serif;\n        color: #686c73;\n        font-weight: 400;\n        font-size: 15px;\n        font-style: italic;\n    }\n    \n    .sky-field-label,\n    th {\n        font-family: \"Blackbaud Sans\", \"Helvetica Neue\", Arial, sans-serif;\n        color: #686c73;\n        font-weight: 400;\n        font-size: 15px;\n    }\n    \n    .sky-text-info {\n        color: #212327;\n    }\n    \n    .sky-text-info:before {\n /*       content: \"&#61546;\"; Not sure what this is trying to do */\n        font-family: FontAwesome;\n        margin-right: 5px;\n        color: #00b4f1;\n    }\n    \n    .sky-text-success {\n        color: #212327;\n    }\n    \n    .sky-text-success:before {\n        content: \"&#61452;\";\n        font-family: FontAwesome;\n        margin-right: 5px;\n        color: #72bf44;\n    }\n    \n    .sky-text-warning {\n        color: #212327;\n    }\n    \n    .sky-text-warning:before {\n/*        content: \"&#61553;\";   Not sure what this is trying to do */\n        content: \"Warning: \";\n        font-family: FontAwesome;\n        margin-right: 5px;\n        color: #fbb034;\n    }\n    \n    .sky-text-danger {\n        color: #212327;\n    }\n    \n    .sky-text-danger:before {\n        content: \"&#61553;\";\n        font-family: FontAwesome;\n        margin-right: 5px;\n        color: #ef4044;\n    }\n    \n    .sky-font-body-default {\n        font-size: 15px;\n        font-family: \"Blackbaud Sans\", \"Helvetica Neue\", Arial, sans-serif;\n        color: #212327;\n    }\n    \n    .sky-font-body-sm {\n        font-size: 13px;\n        font-family: \"Blackbaud Sans\", \"Helvetica Neue\", Arial, sans-serif;\n        color: #212327;\n    }\n    \n    .sky-font-body-lg {\n        font-size: 16px;\n        font-family: \"Blackbaud Sans\", \"Helvetica Neue\", Arial, sans-serif;\n        color: #212327;\n    }\n    \n    .sky-font-field-label {\n        font-family: \"Blackbaud Sans\", \"Helvetica Neue\", Arial, sans-serif;\n        color: #686c73;\n        font-weight: 400;\n        font-size: 15px;\n    }\n    \n    .sky-font-deemphasized {\n        font-family: \"Blackbaud Sans\", \"Helvetica Neue\", Arial, sans-serif;\n        color: #686c73;\n        font-weight: 400;\n        font-size: 15px;\n        font-style: italic;\n    }\n    \n    .sky-font-emphasized {\n        font-weight: 600;\n    }\n    \n    .sky-font-heading-1 {\n        font-family: \"Blackbaud Sans Condensed\", \"Helvetica Neue Condensed\", \"Arial Narrow\";\n        color: #212327;\n        font-weight: 300;\n        font-size: 34px;\n    }\n    \n    .sky-font-heading-2 {\n        font-family: \"Blackbaud Sans Condensed\", \"Helvetica Neue Condensed\", \"Arial Narrow\";\n        color: #212327;\n        font-weight: 300;\n        font-size: 26px;\n    }\n    \n    .sky-font-heading-3 {\n        font-family: \"Blackbaud Sans\", \"Helvetica Neue\", Arial, sans-serif;\n        color: #686c73;\n        font-weight: 300;\n        font-size: 19px;\n    }\n    \n    .sky-font-heading-4 {\n        font-family: \"Blackbaud Sans\", \"Helvetica Neue\", Arial, sans-serif;\n        color: #212327;\n        font-weight: 600;\n        font-size: 16px;\n    }\n    \n    .sky-font-heading-5 {\n        font-family: \"Blackbaud Sans\", \"Helvetica Neue\", Arial, sans-serif;\n        color: #686c73;\n        font-weight: 400;\n        font-size: 15px;\n    }\n    \n    .sky-font-display-1 {\n        font-family: \"Blackbaud Sans Condensed\", \"Helvetica Neue Condensed\", \"Arial Narrow\";\n        color: #212327;\n        font-weight: 300;\n        font-size: 34px;\n    }\n    \n    .sky-font-display-2 {\n        font-family: \"Blackbaud Sans Condensed\", \"Helvetica Neue Condensed\", \"Arial Narrow\";\n        color: #212327;\n        font-weight: 300;\n        font-size: 26px;\n    }\n    \n    .sky-font-display-3 {\n        font-family: \"Blackbaud Sans Condensed\", \"Helvetica Neue Condensed\", \"Arial Narrow\";\n        color: #212327;\n        font-weight: 600;\n        font-size: 22px;\n    }\n    \n    .sky-font-display-4 {\n        font-family: \"Blackbaud Sans\", \"Helvetica Neue\", Arial, sans-serif;\n        color: #212327;\n        font-weight: 600;\n        font-size: 16px;\n    }\n    \n    .sky-screen-reader-only {\n        width: 0;\n        height: 0;\n        padding: 0;\n        opacity: 0;\n        position: absolute;\n        margin: -1px;\n        border: 0;\n        overflow: hidden;\n        clip: rect(0, 0, 0, 0);\n        outline: none;\n        white-space: nowrap;\n    }\n    \n    .sky-grid {\n        position: relative;\n        display: block\n    }\n    \n    .sky-grid-table-container {\n        overflow: auto\n    }\n    \n    .sky-grid-table,\n    table {\n        position: relative;\n        table-layout: fixed;\n        border-collapse: collapse;\n        margin: 0;\n        font-size: 15px;\n        min-width: 100%\n    }\n    \n    .sky-grid-table.sky-grid-fit {\n        max-width: 100%;\n        width: 100%\n    }\n    \n    .sky-grid-tbody,\n    tbody {\n        background-color: #fff\n    }\n    \n    .sky-grid-row,\n    tr {\n        border-bottom: 1px dotted #cdcfd2\n    }\n    \n    .sky-grid-row:nth-child(odd),\n    tr:nth-child(odd) {\n        background-color: #fbfbfb\n    }\n    \n    .sky-grid-row.sky-grid-row-highlight {\n        border-top: 1px solid #0974a1;\n        box-shadow: 0 0 0 3px inset #0974a1\n    }\n    \n    .sky-grid-row .sky-grid-cell,\n    tr,\n    td {\n        padding: 0;\n        min-width: 10px\n    }\n    \n    .sky-grid-heading,\n    thead,\n    th {\n        position: relative;\n        border-top: 1px solid #cdcfd2;\n        border-bottom: 1px solid #cdcfd2;\n        border-left: 1px solid #cdcfd2;\n        border-right: 0 solid #cdcfd2;\n        padding: 0;\n        cursor: pointer;\n        background-color: #fff;\n        overflow: visible;\n        background-clip: padding-box;\n        -webkit-user-select: none;\n        -webkit-tap-highlight-color: transparent;\n        -moz-user-select: none;\n        -ms-user-select: none;\n        user-select: none\n    }\n    \n    .sky-grid-heading:first-child,\n    th:first-child {\n        border-left: 1px solid transparent\n    }\n    \n    .sky-grid-heading.sky-grid-header-dragging {\n        background-color: #eeeeef\n    }\n    \n    .sky-grid-heading.sky-grid-column-alignment-center .sky-grid-heading-sort,\n    .sky-grid-heading.sky-grid-column-alignment-left .sky-grid-heading-sort {\n        width: 14px\n    }\n    \n    .sky-grid-heading.sky-grid-column-alignment-center .sky-grid-help-inline-sort-hidden,\n    .sky-grid-heading.sky-grid-column-alignment-left .sky-grid-help-inline-sort-hidden {\n        margin-left: -14px;\n        margin-right: 14px\n    }\n    \n    .sky-grid-heading.sky-grid-column-alignment-right .sky-grid-header-caret-hidden-spacing {\n        padding-left: 14px\n    }\n    \n    .sky-grid-heading.sky-grid-column-alignment-right .sky-grid-heading-sort-visible {\n        width: 14px\n    }\n    \n    .sky-grid-heading div {\n        padding: 8px\n    }\n    \n    .sky-grid-heading .overflow {\n        text-overflow: ellipsis;\n        white-space: nowrap;\n        position: relative;\n        z-index: 1;\n        overflow: hidden;\n        min-width: 100%\n    }\n    \n    .sky-grid-heading .sky-grid-column-input-aria-only {\n        -webkit-appearance: none;\n        -moz-appearance: none;\n        height: 100%;\n        width: 5px;\n        position: absolute;\n        display: block;\n        top: 0;\n        bottom: 0;\n        right: 0\n    }\n    \n    .sky-grid-heading .sky-grid-column-input-aria-only::-moz-range-track {\n        background: 0 0\n    }\n    \n    .sky-grid-heading .sky-grid-column-input-aria-only::-moz-range-thumb {\n        -webkit-appearance: none;\n        -moz-appearance: none;\n        width: 0;\n        height: 0;\n        border-radius: 0;\n        border: 0;\n        background: 0 0;\n        display: none\n    }\n    \n    .sky-grid-heading .sky-grid-column-input-aria-only::-ms-thumb {\n        -webkit-appearance: none;\n        -moz-appearance: none;\n        width: 0;\n        height: 0;\n        border-radius: 0;\n        border: 0;\n        background: 0 0;\n        display: none\n    }\n    \n    .sky-grid-heading .sky-grid-column-input-aria-only::-webkit-slider-thumb {\n        -webkit-appearance: none;\n        -moz-appearance: none;\n        width: 0;\n        height: 0;\n        border-radius: 0;\n        border: 0;\n        background: 0 0;\n        display: none\n    }\n    \n    .sky-grid-heading .sky-grid-column-input-aria-only:focus {\n        background-color: #00b4f1\n    }\n    \n    .sky-grid-column-alignment-left,\n    th {\n        text-align: left\n    }\n    \n    .sky-grid-column-alignment-center {\n        text-align: center\n    }\n    \n    .sky-grid-column-alignment-right {\n        text-align: right\n    }\n    \n    .sky-grid-multiselect-cell {\n        padding: 0;\n        text-align: center\n    }\n    \n    .sky-grid-multiselect-cell .sky-switch-control {\n        margin: 0 auto\n    }\n    \n    th.sky-grid-multiselect-cell {\n        cursor: default\n    }\n    \n    th.sky-grid-multiselect-cell .screen-reader-only {\n        width: 0;\n        height: 0;\n        padding: 0;\n        opacity: 0;\n        position: absolute;\n        margin: -1px;\n        border: 0;\n        overflow: hidden;\n        clip: rect(0, 0, 0, 0);\n        outline: 0;\n        white-space: nowrap\n    }\n    \n    @-moz-document url-prefix() {\n        .sky-grid-multiselect-row td {\n            border-left: 0 solid transparent;\n            border-right: 0 solid transparent\n        }\n    }\n    \n    .sky-grid-multiselect-row:hover {\n        background-color: #e9e4f1\n    }\n    \n    .sky-grid-multiselect-row:hover:nth-child(odd) {\n        background: #e9e4f1\n    }\n    \n    .sky-grid-multiselect-selected-row {\n        background: #f1eef6;\n        border-top: 1px solid #dadbf6;\n        border-bottom: 1px solid #dadbf6\n    }\n    \n    .sky-grid-multiselect-selected-row:nth-child(odd) {\n        background: #f1eef6\n    }\n    \n    .sky-grid-has-toolbar .sky-grid-heading {\n        border-top-width: 0\n    }\n    \n    .sky-grid-heading-sort.sky-grid-heading-sort-hidden {\n        visibility: hidden\n    }\n    \n    .sky-grid-heading-sort.sky-grid-heading-sort-visible {\n        visibility: visible;\n        padding-left: 5px\n    }\n    \n    .sky-grid-resize-handle {\n        position: absolute;\n        right: 0;\n        top: 0;\n        bottom: 0;\n        width: 30px;\n        z-index: 2;\n        min-height: 20px;\n        height: 100%!important;\n        vertical-align: middle;\n        cursor: col-resize\n    }\n    \n    .sky-grid-resize-handle:hover::after {\n        background-color: #00b4f1\n    }\n    \n    .sky-grid-resize-handle:after {\n        position: absolute;\n        right: 0;\n        top: 0;\n        bottom: 0;\n        width: 5px;\n        height: 100%;\n        content: \"\"\n    }\n    \n    #sky-grid-resize-bar {\n        position: absolute;\n        top: 0;\n        left: 0;\n        z-index: 99;\n        height: 100%;\n        width: 5px;\n        background: #00b4f1;\n        opacity: .6\n    }\n    \n    tr {\n        position: relative\n    }\n    \n    .sky-grid-top-scroll-container {\n        overflow: auto\n    }\n    \n    .sky-grid-top-scroll {\n        height: 1px\n    }\n    \n    .sky-wait-mask-loading-blocking {\n        margin: auto;\n        position: absolute;\n        top: 0;\n        right: 0;\n        left: 0;\n        bottom: 0;\n        background-color: rgba(255, 255, 255, .7);\n        z-index: 1000\n    }\n    \n    .sky-wait-mask-loading-fixed {\n        position: fixed\n    }\n    \n    .sky-wait {\n        width: 50px;\n        height: 50px;\n        margin-top: -25px;\n        margin-left: -25px;\n        position: absolute;\n        top: 50%;\n        left: 50%\n    }\n    \n    .sky-wait-mask-loading-non-blocking {\n        bottom: 0\n    }\n    \n    .sky-wait-mask-loading-non-blocking .sky-wait {\n        top: auto;\n        right: auto;\n        bottom: 0;\n        left: 0;\n        margin-left: auto;\n        margin-right: auto\n    }\n    \n    .sky-wait-double-bounce1,\n    .sky-wait-double-bounce2 {\n        width: 100%;\n        height: 100%;\n        border-radius: 50%;\n        background-color: #72bf44;\n        opacity: .6;\n        position: absolute;\n        top: 0;\n        left: 0;\n        -webkit-animation: 2s ease-in-out infinite sk-bounce;\n        animation: 2s ease-in-out infinite sk-bounce\n    }\n    \n    .sky-wait-double-bounce2 {\n        -webkit-animation-delay: -1s;\n        animation-delay: -1s\n    }\n    \n    @-webkit-keyframes sk-bounce {\n        0%,\n        100% {\n            -webkit-transform: scale(0)\n        }\n        50% {\n            -webkit-transform: scale(1)\n        }\n    }\n    \n    @keyframes sk-bounce {\n        0%,\n        100% {\n            transform: scale(0);\n            -webkit-transform: scale(0)\n        }\n        50% {\n            transform: scale(1);\n            -webkit-transform: scale(1)\n        }\n    }\n    \n    .sky-wait-container.sky-wait-active {\n        position: relative\n    }\n\n/* the following I couldn't figure out where they were being called from, so put them in manually */\n    th,\n    td {\n        padding-bottom: 8px;\n        padding-left: 8px;\n        padding-right: 8px;\n        padding-top: 8px;\ntext-align: left;\nbox-sizing: border-box;\n\n    }\n\ntable {\nbox-sizing: border box;\n}\n\n</style>"}]}},"Condition_-_PendingApproval":{"actions":{"Create_HTML_table":{"runAfter":{},"metadata":{"operationMetadataId":"34b79165-a879-4db1-bbb0-04d0468d8907"},"type":"Table","inputs":{"from":"@body('Parse_JSON_-_JEBatchesPendingApproval')?['value']","format":"HTML","columns":[{"header":"Batch^System^ID","value":"@item()?['batch_id']"},{"header":"Batch^UI^ID","value":"<a href=https://host.nxt.blackbaud.com/journalentry/@{item()?['batch_id']}?envid=@{variables('EnvironmentID')}>@{item()?['ui_batch_id']}</a>"},{"header":"Description","value":"@item()?['description']"},{"header":"Create^Interfund^Sets","value":"@item()?['create_interfund_sets']"},{"header":"Create^Bank^Account^Adjustments","value":"@item()?['create_bank_account_adjustments']"},{"header":"Source^Base^URL","value":"@item()?['source_base_url']"},{"header":"Source^System^Name","value":"@item()?['source_system_name']"},{"header":"Added","value":"@{convertTimeZone(item()?['date_added'], 'UTC',variables('TimeZone'),'F')}^by^@{item()?['added_by']}"},{"header":"Modified","value":"@{convertTimeZone(item()?['date_modified'], 'UTC',variables('TimeZone'),'F')}^by^@{item()?['modified_by']}"}]}},"Send_an_email_notification_(V3)":{"runAfter":{"Create_HTML_table":["Succeeded"]},"metadata":{"operationMetadataId":"b4966952-9c87-44da-a0ea-9f6ecf643613"},"type":"OpenApiConnection","inputs":{"host":{"apiId":"/providers/Microsoft.PowerApps/apis/shared_sendmail","connectionName":"shared_sendmail","operationId":"SendEmailV3"},"parameters":{"request/to":"@{variables('NotificationRecipient')};","request/subject":"Financial Edge NXT Batches Pending Approval","request/text":"<p>@{variables('CSS')}<br>\nThe following batches are marked as \"Pending Approval\": please log into Financial Edge NXT to review. &nbsp;<br>\n<br>\n@{replace(replace(replace(replace(replace(body('Create_HTML_table'), '&lt;', '<'), '&gt;', '>'), '&quot;', '\"'), '^', ' '), '&amp;', '&')}</p>"},"authentication":"@parameters('$authentication')"}}},"runAfter":{"Parse_JSON_-_JEBatchesPendingApproval":["Succeeded"]},"expression":{"greater":["@body('Parse_JSON_-_JEBatchesPendingApproval')?['count']",0]},"metadata":{"operationMetadataId":"d5ecab98-76fc-4aa9-8ca4-ffecd31b603d"},"type":"If"},"Parse_JSON_-_JEBatchesPendingApproval":{"runAfter":{"Send_an_HTTP_request_-_JEBatchesPendingApproval":["Succeeded"]},"metadata":{"operationMetadataId":"5837764a-4b48-4ff5-b951-25bc0c6a5f04"},"type":"ParseJson","inputs":{"content":"@body('Send_an_HTTP_request_-_JEBatchesPendingApproval')","schema":{"type":"object","properties":{"count":{"type":"integer"},"value":{"type":"array","items":{"type":"object","properties":{"batch_id":{"type":"integer"},"ui_batch_id":{"type":"string"},"description":{"type":"string"},"batch_status":{"type":"string"},"create_interfund_sets":{},"create_bank_account_adjustments":{},"source_base_url":{},"source_system_name":{},"date_added":{"type":"string"},"added_by":{"type":"string"},"date_modified":{"type":"string"},"modified_by":{"type":"string"}}}}}}}},"Initialize_variable_-_NotificationRecipient":{"runAfter":{"README_-_ACTION_REQUIRED_-_OPEN_UP_THIS_PART_OF_THE_FLOW":["Succeeded"]},"metadata":{"operationMetadataId":"5fbc2430-a80f-4be5-867b-684f8b90195a"},"type":"InitializeVariable","inputs":{"variables":[{"name":"NotificationRecipient","type":"string"}]},"description":"Who is to get the Notifications about Batch Approvals?"},"Initialize_variable_-_EnvironmentID":{"runAfter":{"Initialize_variable_-_NotificationRecipient":["Succeeded"]},"metadata":{"operationMetadataId":"e477bb15-b82b-45b3-bacf-e7a0299f62e1"},"type":"InitializeVariable","inputs":{"variables":[{"name":"EnvironmentID","type":"string"}]},"description":"The string of characters following \"envId\" in the address bar while working in Financial Edge NXT WebView."},"README_-_ACTION_REQUIRED_-_OPEN_UP_THIS_PART_OF_THE_FLOW":{"actions":{"SCOPE_OF_SUPPORT_-_README":{"runAfter":{},"metadata":{"operationMetadataId":"2a9fed97-d5c9-473a-acda-40392530b61a"},"type":"Compose","inputs":"This part of the flow has no impact on the output, but does have key information. \n* This uses the \"Send HTTP Request\" action available in the Blackbaud SKY Add-Ins connector. See https://github.com/glenhutson/BlackbaudCustomizations/blob/main/Financial-Edge-NXT/Send-HTTP-Request.md for more info. \n\n* For instructions on how to setup this specific flow as well as support options available, see https://github.com/glenhutson/BlackbaudCustomizations/tree/main/Financial-Edge-NXT/FENXT-GL-BatchApprovalNotification-SHR\n\n* THE SOFTWARE IS PROVIDED \"AS IS\", WITHOUT WARRANTY OF ANY KIND, EXPRESS OR IMPLIED, INCLUDING BUT NOT LIMITED TO THE WARRANTIES OF MERCHANTABILITY, FITNESS FOR A PARTICULAR PURPOSE AND NONINFRINGEMENT. IN NO EVENT SHALL THE AUTHORS OR COPYRIGHT HOLDERS BE LIABLE FOR ANY CLAIM, DAMAGES OR OTHER LIABILITY, WHETHER IN AN ACTION OF CONTRACT, TORT OR OTHERWISE, ARISING FROM, OUT OF OR IN CONNECTION WITH THE SOFTWARE OR THE USE OR OTHER DEALINGS IN THE SOFTWARE.\n\n!!!!!!!!!! IMPORTANT !!!!!!!!!!\nOnce you have read and understand the above, remove the \"Terminate\" action immediately below to enable this flow.  "},"Terminate":{"runAfter":{"SCOPE_OF_SUPPORT_-_README":["Succeeded"]},"metadata":{"operationMetadataId":"78c751ab-70ab-4ff1-999d-66459de7e063"},"type":"Terminate","inputs":{"runStatus":"Failed","runError":{"message":"See \"README - ACTION REQUIRED\" step in the flow. "}}}},"runAfter":{},"metadata":{"operationMetadataId":"69426340-3c5a-4c1c-b6ad-b237c42a1561"},"type":"Scope"},"Compose_-_STOP_HERE_-_README":{"runAfter":{"Initialize_variable_-_TimeZone":["Succeeded"]},"metadata":{"operationMetadataId":"9f167bc0-a615-451e-85bd-0ea7b1ae3941"},"type":"Compose","inputs":"For importing the initial flow, no further actions should be required from this point on. "},"Initialize_variable_-_BatchStatus":{"runAfter":{"Initialize_variable_-_EnvironmentID":["Succeeded"]},"metadata":{"operationMetadataId":"08f83c5a-a2c5-49af-b67d-da3baf3567dc"},"type":"InitializeVariable","inputs":{"variables":[{"name":"BatchStatus","type":"string","value":"PendingApproval"}]},"description":"What status are you looking for?"},"Initialize_variable_-_TimeZone":{"runAfter":{"Initialize_variable_-_BatchStatus":["Succeeded"]},"metadata":{"operationMetadataId":"37782423-8638-4010-987a-5939830cb33a"},"type":"InitializeVariable","inputs":{"variables":[{"name":"TimeZone","type":"string","value":"Eastern Standard Time"}]},"description":"What Time Zone are you in?  See https://learn.microsoft.com/en-us/windows-hardware/manufacture/desktop/default-time-zones?view=windows-11 for correct labeling.  These apply even if you're not on Windows 11 or Windows at all."}}},"connectionReferences":{"shared_blackbaudskyaddins_1":{"connectionName":"shared-blackbaudskya-42eab6ed-6d73-4f0b-bc3f-c6e8bfad5124","source":"Embedded","id":"/providers/Microsoft.PowerApps/apis/shared_blackbaudskyaddins","tier":"NotSpecified"},"shared_sendmail":{"connectionName":"shared-sendmail-d3aa03ae-ae3d-48ca-ae4e-8373-2dd665ae","source":"Embedded","id":"/providers/Microsoft.PowerApps/apis/shared_sendmail","tier":"NotSpecified"}},"flowFailureAlertSubscribed":false,"isManaged":false}}