{"name":"018797bb-9a06-401e-9f2a-c6a39bac26a7","id":"/providers/Microsoft.Flow/flows/018797bb-9a06-401e-9f2a-c6a39bac26a7","type":"Microsoft.Flow/flows","properties":{"apiId":"/providers/Microsoft.PowerApps/apis/shared_logicflows","displayName":"SKY - System Usage - V1","definition":{"metadata":{"workflowEntityId":null,"processAdvisorMetadata":null,"flowChargedByPaygo":null,"flowclientsuspensionreason":"None","flowclientsuspensiontime":null,"flowclientsuspensionreasondetails":null,"creator":{"id":"f756b54d-1e20-4c1e-a5f6-009521a76ac1","type":"User","tenantId":"31fa3fc8-0d67-4b00-8f5a-3a9a69c281b8"},"provisioningMethod":"FromDefinition","failureAlertSubscription":true,"clientLastModifiedTime":"2023-06-23T18:04:38.6421682Z"},"$schema":"https://schema.management.azure.com/providers/Microsoft.Logic/schemas/2016-06-01/workflowdefinition.json#","contentVersion":"1.0.0.0","parameters":{"$authentication":{"defaultValue":{},"type":"SecureObject"}},"triggers":{"manual":{"metadata":{"operationMetadataId":"9d3a37af-1817-417c-8f09-29be3cc3acbf"},"type":"Request","kind":"Http","inputs":{"method":"GET"}}},"actions":{"Response":{"runAfter":{"Switch_-_Which_Function":["Succeeded"]},"metadata":{"operationMetadataId":"8bd91d37-a906-4233-baaa-9f8e838df5ce"},"type":"Response","kind":"Http","inputs":{"statusCode":"@variables('HTTPStatus')","headers":{"Content-Type":"text/html","Content-Language":"en-US"},"body":"@variables('Response')"}},"Initialize_variable_-_PreReqScripts":{"runAfter":{"Initialize_variable_-_HTTPStatus":["Succeeded"]},"metadata":{"operationMetadataId":"e9439c01-2fce-4139-a628-5d06f724f225"},"type":"InitializeVariable","inputs":{"variables":[{"name":"PreReqScripts","type":"string","value":"<script type=\"text/javascript\" src=\"https://sky.blackbaudcdn.net/static/sky-addin-client/1.1.1/sky-addin-client.umd.min.js\">\n</script>\n<script src=\"https://code.jquery.com/jquery-3.2.1.min.js\"></script>\n<script src=\"https://cdn.jsdelivr.net/npm/es6-promise@4/dist/es6-promise.auto.min.js\"></script>"}]}},"Initialize_variable_-_MainScript":{"runAfter":{"Initialize_variable_-_PreReqScripts":["Succeeded"]},"metadata":{"operationMetadataId":"62527dec-66a9-42cf-9269-92e553bdd953"},"type":"InitializeVariable","inputs":{"variables":[{"name":"MainScript","type":"string","value":"<script type=\"text/javascript\">\n    var userIdentityToken;\n    var responseStatus;\n    var environmentId; \n\n    // BBSkyAddinClient is global here.\n    var client = new BBSkyAddinClient.AddinClient({\n        callbacks: {\n            init: async function (args) {\n\n\n                await client.getUserIdentityToken().then((token) => {\n                    userIdentityToken = token;\n                });\n\n                var actionURL = location.href + '&switch=action&SystemRecordId=' + args.context.recordId;\n            environmentId = args.envId;\n\n//decode the JWT/UIT right here\n    var base64Url = userIdentityToken.split('.')[1];\n    var base64 = base64Url.replace(/-/g, '+').replace(/_/g, '/');\n    var jsonPayload = decodeURIComponent(window.atob(base64).split('').map(function(c) {\n        return '%' + ('00' + c.charCodeAt(0).toString(16)).slice(-2);\n    }).join(''));\n\n      var decodedPayload = JSON.parse(jsonPayload);\n\n                $.get(actionURL, { uit: userIdentityToken, userEmail: decodedPayload.email }, function (data, status) {\n                    responseStatus = status;\n                });\n            }\n        }\n    });\n\n </script>"}]}},"Initialize_variable_-_MainHTML":{"runAfter":{"Initialize_variable_-_MainScript":["Succeeded"]},"metadata":{"operationMetadataId":"6ae6f36c-7f8b-46d8-a0b1-3fc7db6ab5e9"},"type":"InitializeVariable","inputs":{"variables":[{"name":"MainHTML","type":"string","value":"<div id=\"introNotes\"></div>\n<div id=\"powerResults\"></div>"}]}},"Initialize_variable_-_Response":{"runAfter":{"Initialize_variable_-_MainHTML":["Succeeded"]},"metadata":{"operationMetadataId":"1af83f9c-dc5c-472d-9a3c-a91587284cab"},"type":"InitializeVariable","inputs":{"variables":[{"name":"Response","type":"string"}]}},"Switch_-_Which_Function":{"runAfter":{"Compose_-_Get_Queries":["Succeeded"]},"cases":{"Action":{"case":"action","actions":{"Compose_-_SharepointREADME":{"runAfter":{},"type":"Compose","inputs":"This step doesn't have an active part in the flow, but for informational purposes. \n\nIn order to minimize issues in importing this flow, the Sharepoint step is not included.   You will need to:\n\nCreate a Sharepoint list with the following columns, all string columns.  \nTitle (the default)\nUser\nRecordType\nRecordID\nDate/Time\n\nYou will then need to add a Sharepoint \"Create item\" step below and reference that list. \n\nFill in the blanks with the following: \nTitle: System (variable) @{variables('System')}\nUser: UserEmail (variable) @{variables('UserEmail')}\nRecordType: RecordType (variable) @{variables('RecordType')}\nRecordID: SystemRecordId (variable) @{variables('SystemRecordId')}\nDate/Time: Converted time (From the convert time zone step) @{body('Convert_time_zone')}\n\nSee https://github.com/glenhutson/BlackbaudCustomizations/raw/main/Raiser's-Edge-NXT/SKY%20-%20System%20Usage/ExampleSharepointCreateItem.png for an example screenshot. \n\nIf you choose to track this in Excel or another program, your steps may vary slightly. "}}}},"default":{"actions":{"Set_variable_-_Response_-_Default":{"runAfter":{},"type":"SetVariable","inputs":{"name":"Response","value":"\n@{variables('PreReqScripts')}\n@{variables('MainScript')}\n@{variables('MainHTML')}"}}}},"expression":"@coalesce(triggerOutputs()?['queries']?['switch'],'default')","metadata":{"operationMetadataId":"942e1a44-924a-493b-846e-459c617713f0"},"type":"Switch"},"Initialize_variable_-_HTTPStatus":{"runAfter":{"Initialize_variable_-_UserEmail":["Succeeded"]},"metadata":{"operationMetadataId":"1f8ff8fb-addb-49b1-9a12-80378f59bb67"},"type":"InitializeVariable","inputs":{"variables":[{"name":"HTTPStatus","type":"string","value":"200"}]},"description":"Default, 200, is if everything works as expected.  As part of the verification process, this will be replaced with 401 if the UIT fails or the user isn't part of the allowed users. "},"Compose_-_Get_Queries":{"runAfter":{"Initialize_variable_-_Response":["Succeeded"]},"metadata":{"operationMetadataId":"e145abae-aed6-453e-a47c-025bbcac53dc"},"type":"Compose","inputs":"@triggerOutputs()?['queries']","description":"Used for troubleshooting"},"README_-_ACTION_REQUIRED_-_OPEN_UP_THIS_PART_OF_THE_FLOW":{"actions":{"SCOPE_OF_SUPPORT_-_README":{"runAfter":{},"metadata":{"operationMetadataId":"2a9fed97-d5c9-473a-acda-40392530b61a"},"type":"Compose","inputs":"This part of the flow has no impact on the output, but does have key information. \n* If you're new to working with Power Automate, or Blackabud related actions in Power Automate, see our Getting Started Guide at https://docs.blackbaud.com/microsoft-connectors-docs/microsoft-power-platform/getting-started\n\n* For instructions on how to setup this specific flow as well as support options available, see the README at https://github.com/glenhutson/BlackbaudCustomizations/tree/main/Raiser's-Edge-NXT/SKY%20-%20System%20Usage . \n\n* THE SOFTWARE IS PROVIDED \"AS IS\", WITHOUT WARRANTY OF ANY KIND, EXPRESS OR IMPLIED, INCLUDING BUT NOT LIMITED TO THE WARRANTIES OF MERCHANTABILITY, FITNESS FOR A PARTICULAR PURPOSE AND NONINFRINGEMENT. IN NO EVENT SHALL THE AUTHORS OR COPYRIGHT HOLDERS BE LIABLE FOR ANY CLAIM, DAMAGES OR OTHER LIABILITY, WHETHER IN AN ACTION OF CONTRACT, TORT OR OTHERWISE, ARISING FROM, OUT OF OR IN CONNECTION WITH THE SOFTWARE OR THE USE OR OTHER DEALINGS IN THE SOFTWARE.\n\n!!!!!!!!!! IMPORTANT !!!!!!!!!!\nOnce you have read and understand the above, remove the \"Terminate\" action immediately below to enable this flow.  "},"Terminate":{"runAfter":{"SCOPE_OF_SUPPORT_-_README":["Succeeded"]},"metadata":{"operationMetadataId":"79992b08-b581-4abb-8cde-819bc99e9c97"},"type":"Terminate","inputs":{"runStatus":"Failed"}}},"runAfter":{},"metadata":{"operationMetadataId":"69426340-3c5a-4c1c-b6ad-b237c42a1561"},"type":"Scope"},"Compose_-_STOP_HERE_-_README":{"runAfter":{"Convert_time_zone":["Succeeded"]},"metadata":{"operationMetadataId":"9f167bc0-a615-451e-85bd-0ea7b1ae3941"},"type":"Compose","inputs":"For importing the initial sample flow, no further actions should be required from this point on before reaching the Switch statement. See instructions under the \"Action\" switch item on how to setup Sharepoint to log your information.  DO NOT EDIT The \"Default\" item under the switch.  "},"Initialize_variable_-_SystemRecordId":{"runAfter":{"Initialize_variable_-_System":["Succeeded"]},"metadata":{"operationMetadataId":"99128eda-a4c2-434f-8827-c1079573262a"},"type":"InitializeVariable","inputs":{"variables":[{"name":"SystemRecordId","type":"string","value":"@{triggerOutputs()?['queries']?['SystemRecordId']}"}]}},"Initialize_variable_-_RecordType":{"runAfter":{"Initialize_variable_-_SystemRecordId":["Succeeded"]},"metadata":{"operationMetadataId":"03ced1e2-5c98-4b7b-8165-752a1bf7e2f8"},"type":"InitializeVariable","inputs":{"variables":[{"name":"RecordType","type":"string","value":"@triggerOutputs()['queries']?['RecordType']"}]}},"Initialize_variable_-_System":{"runAfter":{"Initialize_variable_-_TileName":["Succeeded"]},"metadata":{"operationMetadataId":"d0318eea-f9de-4832-bc1f-08201c6dafc4"},"type":"InitializeVariable","inputs":{"variables":[{"name":"System","type":"string","value":"@{triggerOutputs()?['queries']?['System']}"}]}},"Convert_time_zone":{"runAfter":{"README_-_ACTION_REQUIRED_-_OPEN_UP_THIS_PART_OF_THE_FLOW":["Succeeded"]},"metadata":{"operationMetadataId":"9b64350f-f65f-45e2-bbd8-bd4975961a25"},"type":"Expression","kind":"ConvertTimeZone","inputs":{"baseTime":"@{utcNow()}","formatString":"f","sourceTimeZone":"UTC","destinationTimeZone":"Eastern Standard Time"},"description":"Update with your Org's main timezone. "},"Initialize_variable_-_UserEmail":{"runAfter":{"Initialize_variable_-_RecordType":["Succeeded"]},"metadata":{"operationMetadataId":"f938b136-e033-460a-bf75-002b071bd4d9"},"type":"InitializeVariable","inputs":{"variables":[{"name":"UserEmail","type":"string","value":"@{triggerOutputs()['queries']?['userEmail']}"}]}},"Initialize_variable_-_TileName":{"runAfter":{"Compose_-_STOP_HERE_-_README":["Succeeded"]},"metadata":{"operationMetadataId":"a444a098-b50f-40eb-90d0-6d65b3fbfdbb"},"type":"InitializeVariable","inputs":{"variables":[{"name":"TileName","type":"string","value":"Check Usage (Custom)"}]},"description":"This Tile is not meant to show up at all, but leaving here to have something configurable just in case. "}}},"connectionReferences":{},"flowFailureAlertSubscribed":false,"isManaged":false}}