{"name":"43920e42-e769-488e-a4b3-da15c3a82d15","id":"/providers/Microsoft.Flow/flows/43920e42-e769-488e-a4b3-da15c3a82d15","type":"Microsoft.Flow/flows","properties":{"apiId":"/providers/Microsoft.PowerApps/apis/shared_logicflows","displayName":"AIOSKYAddInExampleWithValidation-Simple-V1","definition":{"metadata":{"workflowEntityId":null,"processAdvisorMetadata":null,"flowclientsuspensionreason":"None","flowclientsuspensiontime":null,"creator":{"id":"f756b54d-1e20-4c1e-a5f6-009521a76ac1","type":"User","tenantId":"31fa3fc8-0d67-4b00-8f5a-3a9a69c281b8"},"provisioningMethod":"FromDefinition","failureAlertSubscription":true,"clientLastModifiedTime":"2022-04-19T15:14:21.9593022Z"},"$schema":"https://schema.management.azure.com/providers/Microsoft.Logic/schemas/2016-06-01/workflowdefinition.json#","contentVersion":"1.0.0.0","parameters":{"$connections":{"defaultValue":{},"type":"Object"},"$authentication":{"defaultValue":{},"type":"SecureObject"}},"triggers":{"manual":{"metadata":{"operationMetadataId":"9d3a37af-1817-417c-8f09-29be3cc3acbf"},"type":"Request","kind":"Http","inputs":{"method":"GET"}}},"actions":{"Response":{"runAfter":{"Switch_-_Which_Function":["Succeeded"]},"metadata":{"operationMetadataId":"8bd91d37-a906-4233-baaa-9f8e838df5ce"},"type":"Response","kind":"Http","inputs":{"statusCode":"@variables('HTTPStatus')","headers":{"Content-Type":"text/html","Content-Language":"en-US"},"body":"@variables('Response')"}},"Initialize_variable_-_CSS":{"runAfter":{"Initialize_variable_-_HTTPStatus":["Succeeded"]},"metadata":{"operationMetadataId":"8426c62f-be29-4fc4-a066-a52bd0f1dab4"},"type":"InitializeVariable","inputs":{"variables":[{"name":"CSS","type":"string","value":"<style>\n    @font-face {\n        font-family: \"Blackbaud Sans\";\n        font-style: normal;\n        font-weight: 400;\n        src: url(\"https://sky.blackbaudcdn.net/skyux-fonts/1.0.1/blackbaud-sans.woff\") format(\"woff\");\n    }\n    \n    @font-face {\n        font-family: \"Blackbaud Sans\";\n        font-style: normal;\n        font-weight: 600;\n        src: url(\"https://sky.blackbaudcdn.net/skyux-fonts/1.0.1/blackbaud-sans-semi-bold.woff\") format(\"woff\");\n    }\n    \n    @font-face {\n        font-family: \"Blackbaud Sans\";\n        font-style: normal;\n        font-weight: 700;\n        src: url(\"https://sky.blackbaudcdn.net/skyux-fonts/1.0.1/blackbaud-sans-bold.woff\") format(\"woff\");\n    }\n    \n    @font-face {\n        font-family: \"Blackbaud Sans\";\n        font-style: italic;\n        font-weight: 400;\n        src: url(\"https://sky.blackbaudcdn.net/skyux-fonts/1.0.1/blackbaud-sans-italic.woff\") format(\"woff\");\n    }\n    \n    @font-face {\n        font-family: \"Blackbaud Sans\";\n        font-style: normal;\n        font-weight: 300;\n        src: url(\"https://sky.blackbaudcdn.net/skyux-fonts/1.0.1/blackbaud-sans-light.woff\") format(\"woff\");\n    }\n    \n    @font-face {\n        font-family: \"Blackbaud Sans\";\n        font-style: normal;\n        font-weight: 100;\n        src: url(\"https://sky.blackbaudcdn.net/skyux-fonts/1.0.1/blackbaud-sans-thin.woff\") format(\"woff\");\n    }\n    \n    @font-face {\n        font-family: \"Blackbaud Sans Condensed\";\n        font-style: normal;\n        font-weight: 300;\n        src: url(\"https://sky.blackbaudcdn.net/skyux-fonts/1.0.1/blackbaud-sans-condensed-light.woff\") format(\"woff\");\n    }\n    \n    @font-face {\n        font-family: \"Blackbaud Sans Condensed\";\n        font-style: normal;\n        font-weight: 600;\n        src: url(\"https://sky.blackbaudcdn.net/skyux-fonts/1.0.1/blackbaud-sans-condensed-semi-bold.woff\") format(\"woff\");\n    }\n    \n    body,\n    form,\n    html {\n        font-size: 15px;\n        font-family: \"Blackbaud Sans\", \"Helvetica Neue\", Arial, sans-serif;\n    }\n    \n    body {\n        background-color: #ffffff;\n        color: #212327;\n    }\n    \n    h1,\n    h2,\n    h3,\n    h4,\n    h5,\n    h6 {\n        font-weight: 400;\n        line-height: 1.1;\n    }\n    \n    h2 {\n        font-size: 26px;\n        font-weight: 300;\n    }\n    \n    h3 {\n        font-size: 19px;\n        color: #686c73;\n    }\n    \n    h4 {\n        font-size: 14px;\n    }\n    \n    h5 {\n        font-size: 12px;\n    }\n    \n    h6 {\n        font-size: 10px;\n    }\n    \n    h4,\n    h5,\n    h6 {\n        font-weight: 600;\n    }\n    \n    h1 {\n        font-size: 34px;\n        font-weight: 300;\n    }\n    \n    [hidden] {\n        display: none !important;\n    }\n    \n    a {\n        color: #0974a1;\n        text-decoration: none;\n        cursor: pointer;\n    }\n    \n    a:hover {\n        color: #065171;\n        text-decoration: underline;\n    }\n    \n    .sky-pull-right {\n        float: right;\n    }\n    \n    .sky-list-unstyled {\n        list-style: none;\n        padding: 0;\n    }\n    \n    .sky-list-unstyled li {\n        padding-bottom: 5px;\n    }\n    \n    mark.sky-highlight-mark {\n        background-color: #fbb034;\n        color: #212327;\n    }\n    \n    .sky-rounded-corners {\n        border-radius: 3px;\n    }\n    \n    .sky-rounded-circle {\n        border-radius: 50%;\n    }\n    \n    .sky-shadow {\n        box-shadow: 0px 0px 5px 0 rgba(0, 0, 0, 0.3);\n    }\n    \n    .sky-field-status-active {\n        box-shadow: 0 0 8px rgba(0, 180, 241, 0.6);\n        border: 1px solid #00b4f1;\n        outline: none;\n    }\n    \n    .sky-field-status-invalid {\n        box-shadow: 0 0 8px rgba(239, 64, 68, 0.6);\n        border: 1px solid #ef4044;\n        outline: none;\n    }\n    \n    .sky-field-status-success {\n        box-shadow: 0 0 8px rgba(114, 191, 68, 0.6);\n        border: 1px solid #72bf44;\n        outline: none;\n    }\n    \n    .sky-page-heading {\n        font-family: \"Blackbaud Sans Condensed\", \"Helvetica Neue Condensed\", \"Arial Narrow\";\n        color: #212327;\n        font-weight: 300;\n        font-size: 34px;\n    }\n    \n    .sky-section-heading {\n        font-family: \"Blackbaud Sans Condensed\", \"Helvetica Neue Condensed\", \"Arial Narrow\";\n        color: #212327;\n        font-weight: 300;\n        font-size: 26px;\n    }\n    \n    .sky-subsection-heading {\n        font-family: \"Blackbaud Sans\", \"Helvetica Neue\", Arial, sans-serif;\n        color: #686c73;\n        font-weight: 300;\n        font-size: 19px;\n    }\n    \n    .sky-headline {\n        font-family: \"Blackbaud Sans Condensed\", \"Helvetica Neue Condensed\", \"Arial Narrow\";\n        color: #212327;\n        font-weight: 600;\n        font-size: 22px;\n    }\n    \n    .sky-emphasized {\n        font-family: \"Blackbaud Sans\", \"Helvetica Neue\", Arial, sans-serif;\n        color: #212327;\n        font-weight: 600;\n        font-size: 16px;\n    }\n    \n    .sky-deemphasized {\n        font-family: \"Blackbaud Sans\", \"Helvetica Neue\", Arial, sans-serif;\n        color: #686c73;\n        font-weight: 400;\n        font-size: 15px;\n        font-style: italic;\n    }\n    \n    .sky-field-label,\n    th {\n        font-family: \"Blackbaud Sans\", \"Helvetica Neue\", Arial, sans-serif;\n        color: #686c73;\n        font-weight: 400;\n        font-size: 15px;\n    }\n    \n    .sky-text-info {\n        color: #212327;\n    }\n    \n    .sky-text-info:before {\n        content: \"&#61546;\";\n        font-family: FontAwesome;\n        margin-right: 5px;\n        color: #00b4f1;\n    }\n    \n    .sky-text-success {\n        color: #212327;\n    }\n    \n    .sky-text-success:before {\n        content: \"&#61452;\";\n        font-family: FontAwesome;\n        margin-right: 5px;\n        color: #72bf44;\n    }\n    \n    .sky-text-warning {\n        color: #212327;\n    }\n    \n    .sky-text-warning:before {\n/*        content: \"&#61553;\";   Not sure what this is trying to do */\n        content: \"Warning: \";\n        font-family: FontAwesome;\n        margin-right: 5px;\n        color: #fbb034;\n    }\n    \n    .sky-text-danger {\n        color: #212327;\n    }\n    \n    .sky-text-danger:before {\n        content: \"&#61553;\";\n        font-family: FontAwesome;\n        margin-right: 5px;\n        color: #ef4044;\n    }\n    \n    .sky-font-body-default {\n        font-size: 15px;\n        font-family: \"Blackbaud Sans\", \"Helvetica Neue\", Arial, sans-serif;\n        color: #212327;\n    }\n    \n    .sky-font-body-sm {\n        font-size: 13px;\n        font-family: \"Blackbaud Sans\", \"Helvetica Neue\", Arial, sans-serif;\n        color: #212327;\n    }\n    \n    .sky-font-body-lg {\n        font-size: 16px;\n        font-family: \"Blackbaud Sans\", \"Helvetica Neue\", Arial, sans-serif;\n        color: #212327;\n    }\n    \n    .sky-font-field-label {\n        font-family: \"Blackbaud Sans\", \"Helvetica Neue\", Arial, sans-serif;\n        color: #686c73;\n        font-weight: 400;\n        font-size: 15px;\n    }\n    \n    .sky-font-deemphasized {\n        font-family: \"Blackbaud Sans\", \"Helvetica Neue\", Arial, sans-serif;\n        color: #686c73;\n        font-weight: 400;\n        font-size: 15px;\n        font-style: italic;\n    }\n    \n    .sky-font-emphasized {\n        font-weight: 600;\n    }\n    \n    .sky-font-heading-1 {\n        font-family: \"Blackbaud Sans Condensed\", \"Helvetica Neue Condensed\", \"Arial Narrow\";\n        color: #212327;\n        font-weight: 300;\n        font-size: 34px;\n    }\n    \n    .sky-font-heading-2 {\n        font-family: \"Blackbaud Sans Condensed\", \"Helvetica Neue Condensed\", \"Arial Narrow\";\n        color: #212327;\n        font-weight: 300;\n        font-size: 26px;\n    }\n    \n    .sky-font-heading-3 {\n        font-family: \"Blackbaud Sans\", \"Helvetica Neue\", Arial, sans-serif;\n        color: #686c73;\n        font-weight: 300;\n        font-size: 19px;\n    }\n    \n    .sky-font-heading-4 {\n        font-family: \"Blackbaud Sans\", \"Helvetica Neue\", Arial, sans-serif;\n        color: #212327;\n        font-weight: 600;\n        font-size: 16px;\n    }\n    \n    .sky-font-heading-5 {\n        font-family: \"Blackbaud Sans\", \"Helvetica Neue\", Arial, sans-serif;\n        color: #686c73;\n        font-weight: 400;\n        font-size: 15px;\n    }\n    \n    .sky-font-display-1 {\n        font-family: \"Blackbaud Sans Condensed\", \"Helvetica Neue Condensed\", \"Arial Narrow\";\n        color: #212327;\n        font-weight: 300;\n        font-size: 34px;\n    }\n    \n    .sky-font-display-2 {\n        font-family: \"Blackbaud Sans Condensed\", \"Helvetica Neue Condensed\", \"Arial Narrow\";\n        color: #212327;\n        font-weight: 300;\n        font-size: 26px;\n    }\n    \n    .sky-font-display-3 {\n        font-family: \"Blackbaud Sans Condensed\", \"Helvetica Neue Condensed\", \"Arial Narrow\";\n        color: #212327;\n        font-weight: 600;\n        font-size: 22px;\n    }\n    \n    .sky-font-display-4 {\n        font-family: \"Blackbaud Sans\", \"Helvetica Neue\", Arial, sans-serif;\n        color: #212327;\n        font-weight: 600;\n        font-size: 16px;\n    }\n    \n    .sky-screen-reader-only {\n        width: 0;\n        height: 0;\n        padding: 0;\n        opacity: 0;\n        position: absolute;\n        margin: -1px;\n        border: 0;\n        overflow: hidden;\n        clip: rect(0, 0, 0, 0);\n        outline: none;\n        white-space: nowrap;\n    }\n    \n    .sky-grid {\n        position: relative;\n        display: block\n    }\n    \n    .sky-grid-table-container {\n        overflow: auto\n    }\n    \n    .sky-grid-table,\n    table {\n        position: relative;\n        table-layout: fixed;\n        border-collapse: collapse;\n        margin: 0;\n        font-size: 15px;\n        min-width: 100%\n    }\n    \n    .sky-grid-table.sky-grid-fit {\n        max-width: 100%;\n        width: 100%\n    }\n    \n    .sky-grid-tbody,\n    tbody {\n        background-color: #fff\n    }\n    \n    .sky-grid-row,\n    tr {\n        border-bottom: 1px dotted #cdcfd2\n    }\n    \n    .sky-grid-row:nth-child(odd),\n    tr:nth-child(odd) {\n        background-color: #fbfbfb\n    }\n    \n    .sky-grid-row.sky-grid-row-highlight {\n        border-top: 1px solid #0974a1;\n        box-shadow: 0 0 0 3px inset #0974a1\n    }\n    \n    .sky-grid-row .sky-grid-cell,\n    tr,\n    td {\n        padding: 0;\n        min-width: 10px\n    }\n    \n    .sky-grid-heading,\n    thead,\n    th {\n        position: relative;\n        border-top: 1px solid #cdcfd2;\n        border-bottom: 1px solid #cdcfd2;\n        border-left: 1px solid #cdcfd2;\n        border-right: 0 solid #cdcfd2;\n        padding: 0;\n        cursor: pointer;\n        background-color: #fff;\n        overflow: visible;\n        background-clip: padding-box;\n        -webkit-user-select: none;\n        -webkit-tap-highlight-color: transparent;\n        -moz-user-select: none;\n        -ms-user-select: none;\n        user-select: none\n    }\n    \n    .sky-grid-heading:first-child,\n    th:first-child {\n        border-left: 1px solid transparent\n    }\n    \n    .sky-grid-heading.sky-grid-header-dragging {\n        background-color: #eeeeef\n    }\n    \n    .sky-grid-heading.sky-grid-column-alignment-center .sky-grid-heading-sort,\n    .sky-grid-heading.sky-grid-column-alignment-left .sky-grid-heading-sort {\n        width: 14px\n    }\n    \n    .sky-grid-heading.sky-grid-column-alignment-center .sky-grid-help-inline-sort-hidden,\n    .sky-grid-heading.sky-grid-column-alignment-left .sky-grid-help-inline-sort-hidden {\n        margin-left: -14px;\n        margin-right: 14px\n    }\n    \n    .sky-grid-heading.sky-grid-column-alignment-right .sky-grid-header-caret-hidden-spacing {\n        padding-left: 14px\n    }\n    \n    .sky-grid-heading.sky-grid-column-alignment-right .sky-grid-heading-sort-visible {\n        width: 14px\n    }\n    \n    .sky-grid-heading div {\n        padding: 8px\n    }\n    \n    .sky-grid-heading .overflow {\n        text-overflow: ellipsis;\n        white-space: nowrap;\n        position: relative;\n        z-index: 1;\n        overflow: hidden;\n        min-width: 100%\n    }\n    \n    .sky-grid-heading .sky-grid-column-input-aria-only {\n        -webkit-appearance: none;\n        -moz-appearance: none;\n        height: 100%;\n        width: 5px;\n        position: absolute;\n        display: block;\n        top: 0;\n        bottom: 0;\n        right: 0\n    }\n    \n    .sky-grid-heading .sky-grid-column-input-aria-only::-moz-range-track {\n        background: 0 0\n    }\n    \n    .sky-grid-heading .sky-grid-column-input-aria-only::-moz-range-thumb {\n        -webkit-appearance: none;\n        -moz-appearance: none;\n        width: 0;\n        height: 0;\n        border-radius: 0;\n        border: 0;\n        background: 0 0;\n        display: none\n    }\n    \n    .sky-grid-heading .sky-grid-column-input-aria-only::-ms-thumb {\n        -webkit-appearance: none;\n        -moz-appearance: none;\n        width: 0;\n        height: 0;\n        border-radius: 0;\n        border: 0;\n        background: 0 0;\n        display: none\n    }\n    \n    .sky-grid-heading .sky-grid-column-input-aria-only::-webkit-slider-thumb {\n        -webkit-appearance: none;\n        -moz-appearance: none;\n        width: 0;\n        height: 0;\n        border-radius: 0;\n        border: 0;\n        background: 0 0;\n        display: none\n    }\n    \n    .sky-grid-heading .sky-grid-column-input-aria-only:focus {\n        background-color: #00b4f1\n    }\n    \n    .sky-grid-column-alignment-left,\n    th {\n        text-align: left\n    }\n    \n    .sky-grid-column-alignment-center {\n        text-align: center\n    }\n    \n    .sky-grid-column-alignment-right {\n        text-align: right\n    }\n    \n    .sky-grid-multiselect-cell {\n        padding: 0;\n        text-align: center\n    }\n    \n    .sky-grid-multiselect-cell .sky-switch-control {\n        margin: 0 auto\n    }\n    \n    th.sky-grid-multiselect-cell {\n        cursor: default\n    }\n    \n    th.sky-grid-multiselect-cell .screen-reader-only {\n        width: 0;\n        height: 0;\n        padding: 0;\n        opacity: 0;\n        position: absolute;\n        margin: -1px;\n        border: 0;\n        overflow: hidden;\n        clip: rect(0, 0, 0, 0);\n        outline: 0;\n        white-space: nowrap\n    }\n    \n    @-moz-document url-prefix() {\n        .sky-grid-multiselect-row td {\n            border-left: 0 solid transparent;\n            border-right: 0 solid transparent\n        }\n    }\n    \n    .sky-grid-multiselect-row:hover {\n        background-color: #e9e4f1\n    }\n    \n    .sky-grid-multiselect-row:hover:nth-child(odd) {\n        background: #e9e4f1\n    }\n    \n    .sky-grid-multiselect-selected-row {\n        background: #f1eef6;\n        border-top: 1px solid #dadbf6;\n        border-bottom: 1px solid #dadbf6\n    }\n    \n    .sky-grid-multiselect-selected-row:nth-child(odd) {\n        background: #f1eef6\n    }\n    \n    .sky-grid-has-toolbar .sky-grid-heading {\n        border-top-width: 0\n    }\n    \n    .sky-grid-heading-sort.sky-grid-heading-sort-hidden {\n        visibility: hidden\n    }\n    \n    .sky-grid-heading-sort.sky-grid-heading-sort-visible {\n        visibility: visible;\n        padding-left: 5px\n    }\n    \n    .sky-grid-resize-handle {\n        position: absolute;\n        right: 0;\n        top: 0;\n        bottom: 0;\n        width: 30px;\n        z-index: 2;\n        min-height: 20px;\n        height: 100%!important;\n        vertical-align: middle;\n        cursor: col-resize\n    }\n    \n    .sky-grid-resize-handle:hover::after {\n        background-color: #00b4f1\n    }\n    \n    .sky-grid-resize-handle:after {\n        position: absolute;\n        right: 0;\n        top: 0;\n        bottom: 0;\n        width: 5px;\n        height: 100%;\n        content: \"\"\n    }\n    \n    #sky-grid-resize-bar {\n        position: absolute;\n        top: 0;\n        left: 0;\n        z-index: 99;\n        height: 100%;\n        width: 5px;\n        background: #00b4f1;\n        opacity: .6\n    }\n    \n    tr {\n        position: relative\n    }\n    \n    .sky-grid-top-scroll-container {\n        overflow: auto\n    }\n    \n    .sky-grid-top-scroll {\n        height: 1px\n    }\n    \n    .sky-wait-mask-loading-blocking {\n        margin: auto;\n        position: absolute;\n        top: 0;\n        right: 0;\n        left: 0;\n        bottom: 0;\n        background-color: rgba(255, 255, 255, .7);\n        z-index: 1000\n    }\n    \n    .sky-wait-mask-loading-fixed {\n        position: fixed\n    }\n    \n    .sky-wait {\n        width: 50px;\n        height: 50px;\n        margin-top: -25px;\n        margin-left: -25px;\n        position: absolute;\n        top: 50%;\n        left: 50%\n    }\n    \n    .sky-wait-mask-loading-non-blocking {\n        bottom: 0\n    }\n    \n    .sky-wait-mask-loading-non-blocking .sky-wait {\n        top: auto;\n        right: auto;\n        bottom: 0;\n        left: 0;\n        margin-left: auto;\n        margin-right: auto\n    }\n    \n    .sky-wait-double-bounce1,\n    .sky-wait-double-bounce2 {\n        width: 100%;\n        height: 100%;\n        border-radius: 50%;\n        background-color: #72bf44;\n        opacity: .6;\n        position: absolute;\n        top: 0;\n        left: 0;\n        -webkit-animation: 2s ease-in-out infinite sk-bounce;\n        animation: 2s ease-in-out infinite sk-bounce\n    }\n    \n    .sky-wait-double-bounce2 {\n        -webkit-animation-delay: -1s;\n        animation-delay: -1s\n    }\n    \n    @-webkit-keyframes sk-bounce {\n        0%,\n        100% {\n            -webkit-transform: scale(0)\n        }\n        50% {\n            -webkit-transform: scale(1)\n        }\n    }\n    \n    @keyframes sk-bounce {\n        0%,\n        100% {\n            transform: scale(0);\n            -webkit-transform: scale(0)\n        }\n        50% {\n            transform: scale(1);\n            -webkit-transform: scale(1)\n        }\n    }\n    \n    .sky-wait-container.sky-wait-active {\n        position: relative\n    }\n\n/* the following I couldn't figure out where they were being called from, so put them in manually */\n    th,\n    td {\n        padding-bottom: 8px;\n        padding-left: 8px;\n        padding-right: 8px;\n        padding-top: 8px;\ntext-align: left;\nbox-sizing: border-box;\n\n    }\n\ntable {\nbox-sizing: border box;\n}\n\n</style>"}]}},"Initialize_variable_-_PreReqScripts":{"runAfter":{"Initialize_variable_-_CSS":["Succeeded"]},"metadata":{"operationMetadataId":"e9439c01-2fce-4139-a628-5d06f724f225"},"type":"InitializeVariable","inputs":{"variables":[{"name":"PreReqScripts","type":"string","value":"<script type=\"text/javascript\" src=\"https://sky.blackbaudcdn.net/static/sky-addin-client/1.1.1/sky-addin-client.umd.min.js\">\n</script>\n<script src=\"https://code.jquery.com/jquery-3.2.1.min.js\"></script>\n<script src=\"https://cdn.jsdelivr.net/npm/es6-promise@4/dist/es6-promise.auto.min.js\"></script>"}]}},"Initialize_variable_-_MainScript":{"runAfter":{"Initialize_variable_-_PreReqScripts":["Succeeded"]},"metadata":{"operationMetadataId":"62527dec-66a9-42cf-9269-92e553bdd953"},"type":"InitializeVariable","inputs":{"variables":[{"name":"MainScript","type":"string","value":"<script type=\"text/javascript\">\n    var userIdentityToken;\n    var responseStatus;\n    var environmentId; \n\n    // BBSkyAddinClient is global here.\n    var client = new BBSkyAddinClient.AddinClient({\n        callbacks: {\n            init: async function (args) {\n\n\n                await client.getUserIdentityToken().then((token) => {\n                    userIdentityToken = token;\n                    $('#userIdentityTokenValue').text(token);\n                    //    console.log('UIT ' + userIdentityToken);\n                });\n\n                var actionURL = location.href + '&switch=action&SystemRecordId=' + args.context.recordId;\n                var validationURL = location.href + '&switch=validate';\n                environmentId = args.envId;\nconsole.log('Environment ID: ' + environmentId);\n\n                await $.get(validationURL, { uit: userIdentityToken }, function (data, status) {\n                    responseStatus = status;\n                });\n\n                if (responseStatus == \"success\") {\n\n                    // inform the host page that the add-in is ready to be shown\n\n                    args.ready({ showUI: true, title: '@{variables('TileName')}' });\n\n                    $.get(actionURL, function (data, status) {\n                        document.getElementById(\"powerResults\").innerHTML = data;\n                        document.getElementById(\"introNotes\").innerHTML = \"\";\n                        $(\"#contentLoading\").hide();\n                    });\n\n                }\n            }\n        }\n    });\n </script>"}]}},"Initialize_variable_-_MainHTML":{"runAfter":{"Initialize_variable_-_MainScript":["Succeeded"]},"metadata":{"operationMetadataId":"6ae6f36c-7f8b-46d8-a0b1-3fc7db6ab5e9"},"type":"InitializeVariable","inputs":{"variables":[{"name":"MainHTML","type":"string","value":"<div class=\"sky-wait-container\" id=\"contentLoading\">\n<I>Content Loading...</I>\n    <BR>\n    <BR>\n    <BR>\n    <BR>\n    <BR>\n    <div class=\"sky-wait-mask sky-wait-mask-loading-blocking\" aria-label=\"Loading. Please wait.\">\n        <div class=\"sky-wait\">\n            <div class=\"sky-wait-double-bounce1\"></div>\n            <div class=\"sky-wait-double-bounce2\"></div>\n        </div>\n    </div>\n</div>\n<div id=\"introNotes\"></div>\n<div id=\"powerResults\"></div>"}]}},"Initialize_variable_-_Response":{"runAfter":{"Initialize_variable_-_MainHTML":["Succeeded"]},"metadata":{"operationMetadataId":"1af83f9c-dc5c-472d-9a3c-a91587284cab"},"type":"InitializeVariable","inputs":{"variables":[{"name":"Response","type":"string"}]}},"Switch_-_Which_Function":{"runAfter":{"Compose_-_Get_Queries":["Succeeded"]},"cases":{"Action":{"case":"action","actions":{"Scope_-_GetWeather":{"actions":{"Get_a_constituent":{"runAfter":{},"type":"OpenApiConnection","inputs":{"host":{"apiId":"/providers/Microsoft.PowerApps/apis/shared_blackbaudconstituent","connectionName":"shared_blackbaudconstituent_1","operationId":"GetConstituent"},"parameters":{"constituent_id":"@variables('SystemRecordId')"},"authentication":"@parameters('$authentication')"}},"Condition_-_Postal_Code_Present":{"actions":{"Get_current_weather":{"runAfter":{},"type":"OpenApiConnection","inputs":{"host":{"apiId":"/providers/Microsoft.PowerApps/apis/shared_msnweather","connectionName":"shared_msnweather","operationId":"CurrentWeather"},"parameters":{"Location":"@outputs('Get_a_constituent')?['body/address/postal_code']","units":"Imperial"},"authentication":"@parameters('$authentication')"}},"Create_HTML_table_-_Current_Weather":{"runAfter":{"Get_current_weather":["Succeeded"]},"type":"Table","inputs":{"from":["@outputs('Get_current_weather')?['body/responses/weather/current']"],"format":"HTML","columns":[{"header":"Temperature","value":"@{outputs('Get_current_weather')?['body/responses/weather/current/temp']}&#8457;"},{"header":"Feels^Like","value":"@{outputs('Get_current_weather')?['body/responses/weather/current/feels']}&#8457; "},{"header":"Current^Conditions","value":"@outputs('Get_current_weather')?['body/responses/weather/current/cap']"}]},"description":"This puts the current conditions in a one-item array to show in a table format.  You can't put spaces in a header, so use the \"^\" as a placeholder that will be replaced in the Set Variable.  &#8457; is the HTML code for degrees Fahrenheit."},"Get_forecast_for_today":{"runAfter":{"Create_HTML_table_-_Current_Weather":["Succeeded"]},"type":"OpenApiConnection","inputs":{"host":{"apiId":"/providers/Microsoft.PowerApps/apis/shared_msnweather","connectionName":"shared_msnweather","operationId":"TodaysForecast"},"parameters":{"Location":"@outputs('Get_a_constituent')?['body/address/postal_code']","units":"Imperial"},"authentication":"@parameters('$authentication')"}},"Get_the_forecast_for_tomorrow":{"runAfter":{"Get_forecast_for_today":["Succeeded"]},"type":"OpenApiConnection","inputs":{"host":{"apiId":"/providers/Microsoft.PowerApps/apis/shared_msnweather","connectionName":"shared_msnweather","operationId":"TomorrowsForecast"},"parameters":{"Location":"@outputs('Get_a_constituent')?['body/address/postal_code']","units":"Imperial"},"authentication":"@parameters('$authentication')"}},"Set_variable_-_Response_-_WeatherDetail":{"runAfter":{"Get_the_forecast_for_tomorrow":["Succeeded"]},"type":"SetVariable","inputs":{"name":"Response","value":"<I>All temperatures in Fahrenheit</I><BR>\n<div class=\"sky-subsection-heading\">Current Weather</div>\n@{replace(replace(replace(replace(replace(body('Create_HTML_table_-_Current_Weather'), '&lt;', '<'), '&gt;', '>'), '&quot;', '\"'), '^', ' '), '&amp;', '&')}\n<HR>\n<div class=\"sky-subsection-heading\">Forecast Today</div>\n<B>Day:</B> @{outputs('Get_forecast_for_today')?['body/responses/daily/day/summary']}<BR>\n<B>Night:</B> @{outputs('Get_forecast_for_today')?['body/responses/daily/night/summary']}<BR>\n<HR>\n<div class=\"sky-subsection-heading\">Forecast Tomorrow</div>\n<B>Day:</B> @{outputs('Get_the_forecast_for_tomorrow')?['body/responses/daily/day/summary']}<BR>\n<B>Night:</B> @{outputs('Get_the_forecast_for_tomorrow')?['body/responses/daily/night/summary']}<BR>"},"description":"The Output from \"Create HTML table - Current Weather\" is wrapped in a \"replace\" statement to do some cleanup. "}},"runAfter":{"Get_a_constituent":["Succeeded"]},"else":{"actions":{"Set_variable_-_Response_-_WeatherDetail_-_NoPostalCode":{"runAfter":{},"type":"SetVariable","inputs":{"name":"Response","value":"<p class=\"sky-text-warning\">No Weather Information Available.  Post Code Not Present on File.</p>"}}}},"expression":{"not":{"equals":["@outputs('Get_a_constituent')?['body/address/postal_code']","@null"]}},"type":"If","description":"Is the Post Code Not Null?  It's a double negative, but prefer to have the \"good\" result (in this case having a Post Code on file) end up on the \"yes\" side. "}},"runAfter":{},"type":"Scope"}}},"Validate":{"case":"validate","actions":{"Scope_-_Validation":{"actions":{"Condition_-_Authorized_User":{"actions":{},"runAfter":{"Validate_a_user_identity_token":["Succeeded"]},"else":{"actions":{"Set_variable_-_HTTPStatus_-_Not_Authorized_User":{"runAfter":{},"type":"SetVariable","inputs":{"name":"HTTPStatus","value":"401"}},"Terminate":{"runAfter":{"Set_variable_-_HTTPStatus_-_Not_Authorized_User":["Succeeded"]},"type":"Terminate","inputs":{"runStatus":"Cancelled"}}}},"expression":{"or":[{"contains":["@toLower(variables('AuthorizedUsers'))","@toLower(outputs('Validate_a_user_identity_token')?['body/email'])"]},{"equals":["@variables('AuthorizedUsers')",""]}]},"type":"If"},"Validate_a_user_identity_token":{"runAfter":{},"type":"OpenApiConnection","inputs":{"host":{"apiId":"/providers/Microsoft.PowerApps/apis/shared_blackbaudskyaddins","connectionName":"shared_blackbaudskyaddins_1","operationId":"ValidateUserIdentityToken"},"parameters":{"body/uit":"@triggerOutputs()['queries']['uit']","body/application_id":"@variables('ApplicationID')"},"authentication":"@parameters('$authentication')"}}},"runAfter":{},"type":"Scope","description":"Validates the App that's being called as well as the user. "}}}},"default":{"actions":{"Set_variable_-_Response_-_Default":{"runAfter":{},"type":"SetVariable","inputs":{"name":"Response","value":"@{variables('CSS')}\n@{variables('PreReqScripts')}\n@{variables('MainScript')}\n@{variables('MainHTML')}"}}}},"expression":"@coalesce(triggerOutputs()?['queries']?['switch'],'default')","metadata":{"operationMetadataId":"942e1a44-924a-493b-846e-459c617713f0"},"type":"Switch"},"Initialize_variable_-_TileName":{"runAfter":{"Initialize_variable_-_AuthorizedUsers":["Succeeded"]},"metadata":{"operationMetadataId":"a444a098-b50f-40eb-90d0-6d65b3fbfdbb"},"type":"InitializeVariable","inputs":{"variables":[{"name":"TileName","type":"string","value":"AIO Weather w/Validation"}]},"description":"Update this with what you wish to call the tile when it displays in Raiser's Edge NXT. "},"Initialize_variable_-_HTTPStatus":{"runAfter":{"Initialize_variable_-_SystemRecordId":["Succeeded"]},"metadata":{"operationMetadataId":"1f8ff8fb-addb-49b1-9a12-80378f59bb67"},"type":"InitializeVariable","inputs":{"variables":[{"name":"HTTPStatus","type":"string","value":"200"}]},"description":"Default, 200, is if everything works as expected.  As part of the verification process, this will be replaced with 401 if the UIT fails or the user isn't part of the allowed users. "},"Compose_-_Get_Queries":{"runAfter":{"Initialize_variable_-_Response":["Succeeded"]},"metadata":{"operationMetadataId":"e145abae-aed6-453e-a47c-025bbcac53dc"},"type":"Compose","inputs":"@triggerOutputs()?['queries']"},"Initialize_variable_-_ApplicationID":{"runAfter":{"README_-_ACTION_REQUIRED_-_OPEN_UP_THIS_PART_OF_THE_FLOW":["Succeeded"]},"metadata":{"operationMetadataId":"4b262ab0-fc1e-4081-a7ad-9442099f1124"},"type":"InitializeVariable","inputs":{"variables":[{"name":"ApplicationID","type":"string"}]},"description":"For Verification Purposes, enter the associated Application ID Here"},"Initialize_variable_-_AuthorizedUsers":{"runAfter":{"Initialize_variable_-_ApplicationID":["Succeeded"]},"metadata":{"operationMetadataId":"46343a98-24ee-4885-900c-c4b1911a56a3"},"type":"InitializeVariable","inputs":{"variables":[{"name":"AuthorizedUsers","type":"string"}]},"description":"List all authorized user email addresses (the one tied to their Blackbaud ID) separated by comma.  Leave Blank to allow All users. "},"README_-_ACTION_REQUIRED_-_OPEN_UP_THIS_PART_OF_THE_FLOW":{"actions":{"IMPORTANT_INFORMATION_-_README":{"runAfter":{},"metadata":{"operationMetadataId":"2a9fed97-d5c9-473a-acda-40392530b61a"},"type":"Compose","inputs":"This part of the flow has no impact on the output, but does have key information. \n* If you're new to working with Power Automate, or Blackabud related actions in Power Automate, see our Getting Started Guide at https://docs.blackbaud.com/microsoft-connectors-docs/microsoft-power-platform/getting-started\n\n* For instructions on how to setup this specific flow as well as support options available, see https://github.com/glenhutson/BlackbaudCustomizations/blob/main/All-In-One-SKYAddins%2BPowerAutomate/Simple/README.md \n\n* THE SOFTWARE IS PROVIDED \"AS IS\", WITHOUT WARRANTY OF ANY KIND, EXPRESS OR IMPLIED, INCLUDING BUT NOT LIMITED TO THE WARRANTIES OF MERCHANTABILITY, FITNESS FOR A PARTICULAR PURPOSE AND NONINFRINGEMENT. IN NO EVENT SHALL THE AUTHORS OR COPYRIGHT HOLDERS BE LIABLE FOR ANY CLAIM, DAMAGES OR OTHER LIABILITY, WHETHER IN AN ACTION OF CONTRACT, TORT OR OTHERWISE, ARISING FROM, OUT OF OR IN CONNECTION WITH THE SOFTWARE OR THE USE OR OTHER DEALINGS IN THE SOFTWARE.\n\n!!!!!!!!!! IMPORTANT !!!!!!!!!!\nOnce you have read and understand the above, remove the \"Terminate\" action immediately below to enable this flow.  "},"Terminate_-_Initial":{"runAfter":{"IMPORTANT_INFORMATION_-_README":["Succeeded"]},"metadata":{"operationMetadataId":"6fedbd37-2982-4278-be41-498fd5a9d7b2"},"type":"Terminate","inputs":{"runStatus":"Failed","runError":{"message":"Review the README Above"}}}},"runAfter":{},"metadata":{"operationMetadataId":"69426340-3c5a-4c1c-b6ad-b237c42a1561"},"type":"Scope"},"Compose_-_STOP_HERE_-_README":{"runAfter":{"Initialize_variable_-_TileName":["Succeeded"]},"metadata":{"operationMetadataId":"9f167bc0-a615-451e-85bd-0ea7b1ae3941"},"type":"Compose","inputs":"For importing the initial sample flow, no further actions should be required from this point on before reaching the Switch statement. You may want to check the \"Action\" area under the Switch to see if there are any exclamation marks indication you may need to reestablish a connection.  If you wish to add a different set of actions for your scenario, the \"Action\" switch area is where you will be doing your work.  DO NOT EDIT The \"Validate\" or \"Default\" items under the switch.  "},"Initialize_variable_-_SystemRecordId":{"runAfter":{"Compose_-_STOP_HERE_-_README":["Succeeded"]},"metadata":{"operationMetadataId":"99128eda-a4c2-434f-8827-c1079573262a"},"type":"InitializeVariable","inputs":{"variables":[{"name":"SystemRecordId","type":"string","value":"@{triggerOutputs()?['queries']?['SystemRecordId']}"}]}}}},"connectionReferences":{"shared_blackbaudconstituent_1":{"connectionName":"shared-blackbaudcons-44e4b72f-a8c7-41fe-8d9c-e1ef35234428","source":"Embedded","id":"/providers/Microsoft.PowerApps/apis/shared_blackbaudconstituent","tier":"NotSpecified"},"shared_msnweather":{"connectionName":"9d4195b67bfc4cd78f763cce9b4840e7","source":"Embedded","id":"/providers/Microsoft.PowerApps/apis/shared_msnweather","tier":"NotSpecified"},"shared_blackbaudskyaddins_1":{"connectionName":"shared-blackbaudskya-5f7d432f-a6d1-4a4e-8e58-9566-e1fe6e58","source":"Embedded","id":"/providers/Microsoft.PowerApps/apis/shared_blackbaudskyaddins","tier":"NotSpecified"}},"flowFailureAlertSubscribed":false}}